0 verbose cli D:\nvm\nodejs\node.exe D:\nvm\nodejs\node_modules\npm\bin\npm-cli.js
1 info using npm@10.8.2
2 info using node@v20.19.0
3 silly config load:file:D:\nvm\v20.19.0\node_modules\npm\npmrc
4 silly config load:file:D:\Atopos\software_project\vscode_project\GitHub\task-master\.npmrc
5 silly config load:file:C:\Users\Atopos\.npmrc
6 silly config load:file:D:\nvm\nodejs\node_global\etc\npmrc
7 verbose title npm install typescript @types/node @types/react @types/react-dom @types/jest @reduxjs/toolkit react-redux sass
8 verbose argv "install" "typescript" "@types/node" "@types/react" "@types/react-dom" "@types/jest" "@reduxjs/toolkit" "react-redux" "sass"
9 verbose logfile logs-max:10 dir:D:\Atopos\software_project\vscode_project\GitHub\task-master\.npm-cache\_logs\2026-02-27T12_36_35_872Z-
10 verbose logfile D:\Atopos\software_project\vscode_project\GitHub\task-master\.npm-cache\_logs\2026-02-27T12_36_35_872Z-debug-0.log
11 silly packumentCache heap:4345298944 maxSize:1086324736 maxEntrySize:543162368
12 silly logfile done cleaning log files
13 silly idealTree buildDeps
14 silly fetch manifest typescript@*
15 silly packumentCache full:https://registry.npmmirror.com/typescript cache-miss
16 http fetch GET 200 https://registry.npmmirror.com/npm 1527ms
17 http fetch GET 200 https://registry.npmmirror.com/typescript 3114ms (cache miss)
18 silly packumentCache full:https://registry.npmmirror.com/typescript set size:1673577 disposed:false
19 silly fetch manifest @types/node@*
20 silly packumentCache full:https://registry.npmmirror.com/@types%2fnode cache-miss
21 http fetch GET 200 https://registry.npmmirror.com/@types%2fnode 2179ms (cache miss)
22 silly packumentCache full:https://registry.npmmirror.com/@types%2fnode set size:1140681 disposed:false
23 silly fetch manifest @types/react@*
24 silly packumentCache full:https://registry.npmmirror.com/@types%2freact cache-miss
25 http fetch GET 200 https://registry.npmmirror.com/@types%2freact 395ms (cache miss)
26 silly packumentCache full:https://registry.npmmirror.com/@types%2freact set size:331315 disposed:false
27 silly fetch manifest @types/react-dom@*
28 silly packumentCache full:https://registry.npmmirror.com/@types%2freact-dom cache-miss
29 http fetch GET 200 https://registry.npmmirror.com/@types%2freact-dom 93ms (cache miss)
30 silly packumentCache full:https://registry.npmmirror.com/@types%2freact-dom set size:82926 disposed:false
31 silly fetch manifest @types/jest@*
32 silly packumentCache full:https://registry.npmmirror.com/@types%2fjest cache-miss
33 http fetch GET 200 https://registry.npmmirror.com/@types%2fjest 147ms (cache miss)
34 silly packumentCache full:https://registry.npmmirror.com/@types%2fjest set size:95868 disposed:false
35 silly fetch manifest @reduxjs/toolkit@*
36 silly packumentCache full:https://registry.npmmirror.com/@reduxjs%2ftoolkit cache-miss
37 http fetch GET 200 https://registry.npmmirror.com/@reduxjs%2ftoolkit 160ms (cache miss)
38 silly packumentCache full:https://registry.npmmirror.com/@reduxjs%2ftoolkit set size:80416 disposed:false
39 silly fetch manifest react@^19.2.4
40 silly packumentCache full:https://registry.npmmirror.com/react cache-miss
41 http fetch GET 200 https://registry.npmmirror.com/react 1598ms (cache miss)
42 silly packumentCache full:https://registry.npmmirror.com/react set size:1189389 disposed:false
43 silly fetch manifest react-redux@*
44 silly packumentCache full:https://registry.npmmirror.com/react-redux cache-miss
45 http fetch GET 200 https://registry.npmmirror.com/react-redux 128ms (cache miss)
46 silly packumentCache full:https://registry.npmmirror.com/react-redux set size:76421 disposed:false
47 silly fetch manifest redux@^5.0.0
48 silly packumentCache full:https://registry.npmmirror.com/redux cache-miss
49 http fetch GET 200 https://registry.npmmirror.com/redux 88ms (cache miss)
50 silly packumentCache full:https://registry.npmmirror.com/redux set size:44352 disposed:false
51 silly fetch manifest sass@*
52 silly packumentCache full:https://registry.npmmirror.com/sass cache-miss
53 http fetch GET 200 https://registry.npmmirror.com/sass 149ms (cache miss)
54 silly packumentCache full:https://registry.npmmirror.com/sass set size:124941 disposed:false
55 silly placeDep ROOT @reduxjs/toolkit@2.11.2 OK for: task-master@0.1.0 want: *
56 silly placeDep ROOT @types/jest@30.0.0 OK for: task-master@0.1.0 want: *
57 silly placeDep ROOT @types/node@25.3.2 REPLACE for: task-master@0.1.0 want: *
58 silly placeDep ROOT @types/react@19.2.14 OK for: task-master@0.1.0 want: *
59 silly placeDep ROOT @types/react-dom@19.2.3 OK for: task-master@0.1.0 want: *
60 silly placeDep ROOT react-redux@9.2.0 OK for: task-master@0.1.0 want: *
61 silly placeDep ROOT sass@1.97.3 OK for: task-master@0.1.0 want: *
62 silly placeDep ROOT typescript@5.9.3 REPLACE for: task-master@0.1.0 want: *
63 warn ERESOLVE overriding peer dependency {
63 warn ERESOLVE   code: 'ERESOLVE',
63 warn ERESOLVE   edge: {
63 warn ERESOLVE     type: 'peerOptional',
63 warn ERESOLVE     name: 'typescript',
63 warn ERESOLVE     spec: '^3.2.1 || ^4',
63 warn ERESOLVE     from: {
63 warn ERESOLVE       name: 'react-scripts',
63 warn ERESOLVE       version: '5.0.1',
63 warn ERESOLVE       location: 'node_modules/react-scripts',
63 warn ERESOLVE       isWorkspace: false,
63 warn ERESOLVE       dependents: [Array]
63 warn ERESOLVE     }
63 warn ERESOLVE   },
63 warn ERESOLVE   dep: {
63 warn ERESOLVE     name: 'typescript',
63 warn ERESOLVE     version: '5.9.3',
63 warn ERESOLVE     whileInstalling: {
63 warn ERESOLVE       name: 'task-master',
63 warn ERESOLVE       version: '0.1.0',
63 warn ERESOLVE       path: 'D:\\Atopos\\software_project\\vscode_project\\GitHub\\task-master'
63 warn ERESOLVE     },
63 warn ERESOLVE     location: 'node_modules/typescript',
63 warn ERESOLVE     isWorkspace: false,
63 warn ERESOLVE     dependents: [ [Object] ]
63 warn ERESOLVE   },
63 warn ERESOLVE   force: false,
63 warn ERESOLVE   isMine: true,
63 warn ERESOLVE   strictPeerDeps: false,
63 warn ERESOLVE   current: {
63 warn ERESOLVE     name: 'typescript',
63 warn ERESOLVE     version: '4.9.5',
63 warn ERESOLVE     location: 'node_modules/typescript',
63 warn ERESOLVE     isWorkspace: false,
63 warn ERESOLVE     dependents: [ [Object], [Object], [Object], [Object], [Object], [Object] ]
63 warn ERESOLVE   }
63 warn ERESOLVE }
64 warn ERESOLVE overriding peer dependency {
64 warn ERESOLVE   code: 'ERESOLVE',
64 warn ERESOLVE   edge: {
64 warn ERESOLVE     type: 'peerOptional',
64 warn ERESOLVE     name: 'typescript',
64 warn ERESOLVE     spec: '^3.2.1 || ^4',
64 warn ERESOLVE     from: {
64 warn ERESOLVE       name: 'react-scripts',
64 warn ERESOLVE       version: '5.0.1',
64 warn ERESOLVE       location: 'node_modules/react-scripts',
64 warn ERESOLVE       isWorkspace: false,
64 warn ERESOLVE       dependents: [Array]
64 warn ERESOLVE     }
64 warn ERESOLVE   },
64 warn ERESOLVE   dep: {
64 warn ERESOLVE     name: 'typescript',
64 warn ERESOLVE     version: '5.9.3',
64 warn ERESOLVE     whileInstalling: {
64 warn ERESOLVE       name: 'task-master',
64 warn ERESOLVE       version: '0.1.0',
64 warn ERESOLVE       path: 'D:\\Atopos\\software_project\\vscode_project\\GitHub\\task-master'
64 warn ERESOLVE     },
64 warn ERESOLVE     location: 'node_modules/typescript',
64 warn ERESOLVE     isWorkspace: false,
64 warn ERESOLVE     dependents: [ [Object] ]
64 warn ERESOLVE   },
64 warn ERESOLVE   force: false,
64 warn ERESOLVE   isMine: true,
64 warn ERESOLVE   strictPeerDeps: false,
64 warn ERESOLVE   current: {
64 warn ERESOLVE     name: 'typescript',
64 warn ERESOLVE     version: '4.9.5',
64 warn ERESOLVE     location: 'node_modules/typescript',
64 warn ERESOLVE     isWorkspace: false,
64 warn ERESOLVE     dependents: [ [Object], [Object], [Object], [Object], [Object], [Object] ]
64 warn ERESOLVE   }
64 warn ERESOLVE }
65 silly fetch manifest @standard-schema/spec@^1.0.0
66 silly packumentCache full:https://registry.npmmirror.com/@standard-schema%2fspec cache-miss
67 silly fetch manifest @standard-schema/utils@^0.3.0
68 silly packumentCache full:https://registry.npmmirror.com/@standard-schema%2futils cache-miss
69 silly fetch manifest immer@^11.0.0
70 silly packumentCache full:https://registry.npmmirror.com/immer cache-miss
71 silly fetch manifest redux@^5.0.1
72 silly packumentCache full:https://registry.npmmirror.com/redux cache-hit
73 silly fetch manifest redux-thunk@^3.1.0
74 silly packumentCache full:https://registry.npmmirror.com/redux-thunk cache-miss
75 silly fetch manifest reselect@^5.1.0
76 silly packumentCache full:https://registry.npmmirror.com/reselect cache-miss
77 silly fetch manifest expect@^30.0.0
78 silly packumentCache full:https://registry.npmmirror.com/expect cache-miss
79 silly fetch manifest pretty-format@^30.0.0
80 silly packumentCache full:https://registry.npmmirror.com/pretty-format cache-miss
81 silly fetch manifest @types/use-sync-external-store@^0.0.6
82 silly packumentCache full:https://registry.npmmirror.com/@types%2fuse-sync-external-store cache-miss
83 silly fetch manifest use-sync-external-store@^1.4.0
84 silly packumentCache full:https://registry.npmmirror.com/use-sync-external-store cache-miss
85 silly fetch manifest chokidar@^4.0.0
86 silly packumentCache full:https://registry.npmmirror.com/chokidar cache-miss
87 silly fetch manifest immutable@^5.0.2
88 silly packumentCache full:https://registry.npmmirror.com/immutable cache-miss
89 silly fetch manifest @parcel/watcher@^2.4.1
90 silly packumentCache full:https://registry.npmmirror.com/@parcel%2fwatcher cache-miss
91 http fetch GET 200 https://registry.npmmirror.com/@standard-schema%2fspec 57ms (cache miss)
92 silly packumentCache full:https://registry.npmmirror.com/@standard-schema%2fspec set size:6517 disposed:false
93 http fetch GET 200 https://registry.npmmirror.com/@standard-schema%2futils 67ms (cache miss)
94 silly packumentCache full:https://registry.npmmirror.com/@standard-schema%2futils set size:3930 disposed:false
95 http fetch GET 200 https://registry.npmmirror.com/redux-thunk 306ms (cache miss)
96 silly packumentCache full:https://registry.npmmirror.com/redux-thunk set size:21237 disposed:false
97 http fetch GET 200 https://registry.npmmirror.com/@types%2fuse-sync-external-store 365ms (cache miss)
98 silly packumentCache full:https://registry.npmmirror.com/@types%2fuse-sync-external-store set size:3834 disposed:false
99 http fetch GET 200 https://registry.npmmirror.com/reselect 565ms (cache miss)
100 silly packumentCache full:https://registry.npmmirror.com/reselect set size:42412 disposed:false
101 http fetch GET 200 https://registry.npmmirror.com/chokidar 648ms (cache miss)
102 silly packumentCache full:https://registry.npmmirror.com/chokidar set size:40008 disposed:false
103 http fetch GET 200 https://registry.npmmirror.com/@parcel%2fwatcher 712ms (cache miss)
104 silly packumentCache full:https://registry.npmmirror.com/@parcel%2fwatcher set size:24036 disposed:false
105 http fetch GET 200 https://registry.npmmirror.com/immer 767ms (cache miss)
106 silly packumentCache full:https://registry.npmmirror.com/immer set size:87257 disposed:false
107 http fetch GET 200 https://registry.npmmirror.com/immutable 791ms (cache miss)
108 silly packumentCache full:https://registry.npmmirror.com/immutable set size:51619 disposed:false
109 http fetch GET 200 https://registry.npmmirror.com/expect 827ms (cache miss)
110 silly packumentCache full:https://registry.npmmirror.com/expect set size:105974 disposed:false
111 http fetch GET 200 https://registry.npmmirror.com/pretty-format 879ms (cache miss)
112 silly packumentCache full:https://registry.npmmirror.com/pretty-format set size:100346 disposed:false
113 http fetch GET 200 https://registry.npmmirror.com/use-sync-external-store 2031ms (cache miss)
114 silly packumentCache full:https://registry.npmmirror.com/use-sync-external-store set size:1035421 disposed:false
115 silly placeDep ROOT @standard-schema/spec@1.1.0 OK for: @reduxjs/toolkit@2.11.2 want: ^1.0.0
116 silly placeDep ROOT @standard-schema/utils@0.3.0 OK for: @reduxjs/toolkit@2.11.2 want: ^0.3.0
117 silly placeDep node_modules/@reduxjs/toolkit immer@11.1.4 OK for: @reduxjs/toolkit@2.11.2 want: ^11.0.0
118 silly placeDep ROOT redux@5.0.1 OK for: @reduxjs/toolkit@2.11.2 want: ^5.0.1
119 silly placeDep ROOT redux-thunk@3.1.0 OK for: @reduxjs/toolkit@2.11.2 want: ^3.1.0
120 silly placeDep ROOT reselect@5.1.1 OK for: @reduxjs/toolkit@2.11.2 want: ^5.1.0
121 silly placeDep node_modules/@types/jest expect@30.2.0 OK for: @types/jest@30.0.0 want: ^30.0.0
122 silly placeDep node_modules/@types/jest pretty-format@30.2.0 OK for: @types/jest@30.0.0 want: ^30.0.0
123 silly fetch manifest @jest/expect-utils@30.2.0
124 silly packumentCache full:https://registry.npmmirror.com/@jest%2fexpect-utils cache-miss
125 silly fetch manifest @jest/get-type@30.1.0
126 silly packumentCache full:https://registry.npmmirror.com/@jest%2fget-type cache-miss
127 silly fetch manifest jest-matcher-utils@30.2.0
128 silly packumentCache full:https://registry.npmmirror.com/jest-matcher-utils cache-miss
129 silly fetch manifest jest-message-util@30.2.0
130 silly packumentCache full:https://registry.npmmirror.com/jest-message-util cache-miss
131 silly fetch manifest jest-mock@30.2.0
132 silly packumentCache full:https://registry.npmmirror.com/jest-mock cache-miss
133 silly fetch manifest jest-util@30.2.0
134 silly packumentCache full:https://registry.npmmirror.com/jest-util cache-miss
135 silly fetch manifest @jest/schemas@30.0.5
136 silly packumentCache full:https://registry.npmmirror.com/@jest%2fschemas cache-miss
137 silly fetch manifest ansi-styles@^5.2.0
138 silly packumentCache full:https://registry.npmmirror.com/ansi-styles cache-miss
139 silly fetch manifest react-is@^18.3.1
140 silly packumentCache full:https://registry.npmmirror.com/react-is cache-miss
141 http fetch GET 200 https://registry.npmmirror.com/@jest%2fexpect-utils 177ms (cache miss)
142 silly packumentCache full:https://registry.npmmirror.com/@jest%2fexpect-utils set size:46117 disposed:false
143 http fetch GET 200 https://registry.npmmirror.com/jest-matcher-utils 198ms (cache miss)
144 silly packumentCache full:https://registry.npmmirror.com/jest-matcher-utils set size:96629 disposed:false
145 http fetch GET 200 https://registry.npmmirror.com/@jest%2fget-type 221ms (cache miss)
146 silly packumentCache full:https://registry.npmmirror.com/@jest%2fget-type set size:2946 disposed:false
147 http fetch GET 200 https://registry.npmmirror.com/@jest%2fschemas 257ms (cache miss)
148 silly packumentCache full:https://registry.npmmirror.com/@jest%2fschemas set size:19560 disposed:false
149 http fetch GET 200 https://registry.npmmirror.com/ansi-styles 283ms (cache miss)
150 silly packumentCache full:https://registry.npmmirror.com/ansi-styles set size:13769 disposed:false
151 http fetch GET 200 https://registry.npmmirror.com/jest-message-util 481ms (cache miss)
152 silly packumentCache full:https://registry.npmmirror.com/jest-message-util set size:85127 disposed:false
153 http fetch GET 200 https://registry.npmmirror.com/jest-util 583ms (cache miss)
154 silly packumentCache full:https://registry.npmmirror.com/jest-util set size:99925 disposed:false
155 http fetch GET 200 https://registry.npmmirror.com/jest-mock 618ms (cache miss)
156 silly packumentCache full:https://registry.npmmirror.com/jest-mock set size:94926 disposed:false
157 http fetch GET 200 https://registry.npmmirror.com/react-is 1543ms (cache miss)
158 silly packumentCache full:https://registry.npmmirror.com/react-is set size:1114077 disposed:false
159 silly fetch manifest react@^18.0 || ^19
160 silly packumentCache full:https://registry.npmmirror.com/react cache-miss
161 http fetch GET 200 https://registry.npmmirror.com/react 25ms (cache hit)
162 silly packumentCache full:https://registry.npmmirror.com/react set size:6247720 disposed:false
163 silly placeDep ROOT @types/use-sync-external-store@0.0.6 OK for: react-redux@9.2.0 want: ^0.0.6
164 silly placeDep ROOT use-sync-external-store@1.6.0 OK for: react-redux@9.2.0 want: ^1.4.0
165 silly placeDep ROOT @parcel/watcher@2.5.6 OK for: sass@1.97.3 want: ^2.4.1
166 silly placeDep node_modules/sass chokidar@4.0.3 OK for: sass@1.97.3 want: ^4.0.0
167 silly placeDep ROOT immutable@5.1.4 OK for: sass@1.97.3 want: ^5.0.2
168 silly fetch manifest detect-libc@^2.0.3
169 silly packumentCache full:https://registry.npmmirror.com/detect-libc cache-miss
170 silly fetch manifest node-addon-api@^7.0.0
171 silly packumentCache full:https://registry.npmmirror.com/node-addon-api cache-miss
172 silly fetch manifest picomatch@^4.0.3
173 silly packumentCache full:https://registry.npmmirror.com/picomatch cache-miss
174 silly fetch manifest @parcel/watcher-darwin-x64@2.5.6
175 silly packumentCache full:https://registry.npmmirror.com/@parcel%2fwatcher-darwin-x64 cache-miss
176 silly fetch manifest @parcel/watcher-darwin-arm64@2.5.6
177 silly packumentCache full:https://registry.npmmirror.com/@parcel%2fwatcher-darwin-arm64 cache-miss
178 silly fetch manifest @parcel/watcher-win32-x64@2.5.6
179 silly packumentCache full:https://registry.npmmirror.com/@parcel%2fwatcher-win32-x64 cache-miss
180 silly fetch manifest @parcel/watcher-win32-arm64@2.5.6
181 silly packumentCache full:https://registry.npmmirror.com/@parcel%2fwatcher-win32-arm64 cache-miss
182 silly fetch manifest @parcel/watcher-win32-ia32@2.5.6
183 silly packumentCache full:https://registry.npmmirror.com/@parcel%2fwatcher-win32-ia32 cache-miss
184 silly fetch manifest @parcel/watcher-linux-x64-glibc@2.5.6
185 silly packumentCache full:https://registry.npmmirror.com/@parcel%2fwatcher-linux-x64-glibc cache-miss
186 silly fetch manifest @parcel/watcher-linux-x64-musl@2.5.6
187 silly packumentCache full:https://registry.npmmirror.com/@parcel%2fwatcher-linux-x64-musl cache-miss
188 silly fetch manifest @parcel/watcher-linux-arm64-glibc@2.5.6
189 silly packumentCache full:https://registry.npmmirror.com/@parcel%2fwatcher-linux-arm64-glibc cache-miss
190 silly fetch manifest @parcel/watcher-linux-arm64-musl@2.5.6
191 silly packumentCache full:https://registry.npmmirror.com/@parcel%2fwatcher-linux-arm64-musl cache-miss
192 silly fetch manifest @parcel/watcher-linux-arm-glibc@2.5.6
193 silly packumentCache full:https://registry.npmmirror.com/@parcel%2fwatcher-linux-arm-glibc cache-miss
194 silly fetch manifest @parcel/watcher-linux-arm-musl@2.5.6
195 silly packumentCache full:https://registry.npmmirror.com/@parcel%2fwatcher-linux-arm-musl cache-miss
196 silly fetch manifest @parcel/watcher-android-arm64@2.5.6
197 silly packumentCache full:https://registry.npmmirror.com/@parcel%2fwatcher-android-arm64 cache-miss
198 http fetch GET 200 https://registry.npmmirror.com/@parcel%2fwatcher-darwin-x64 69ms (cache miss)
199 silly packumentCache full:https://registry.npmmirror.com/@parcel%2fwatcher-darwin-x64 set size:6053 disposed:false
200 silly fetch manifest @parcel/watcher-freebsd-x64@2.5.6
201 silly packumentCache full:https://registry.npmmirror.com/@parcel%2fwatcher-freebsd-x64 cache-miss
202 http fetch GET 200 https://registry.npmmirror.com/@parcel%2fwatcher-darwin-arm64 77ms (cache miss)
203 silly packumentCache full:https://registry.npmmirror.com/@parcel%2fwatcher-darwin-arm64 set size:6029 disposed:false
204 silly fetch manifest readdirp@^4.0.1
205 silly packumentCache full:https://registry.npmmirror.com/readdirp cache-miss
206 http fetch GET 200 https://registry.npmmirror.com/@parcel%2fwatcher-linux-arm64-musl 119ms (cache miss)
207 silly packumentCache full:https://registry.npmmirror.com/@parcel%2fwatcher-linux-arm64-musl set size:6058 disposed:false
208 http fetch GET 200 https://registry.npmmirror.com/@parcel%2fwatcher-win32-arm64 138ms (cache miss)
209 silly packumentCache full:https://registry.npmmirror.com/@parcel%2fwatcher-win32-arm64 set size:5803 disposed:false
210 http fetch GET 200 https://registry.npmmirror.com/@parcel%2fwatcher-linux-x64-musl 154ms (cache miss)
211 silly packumentCache full:https://registry.npmmirror.com/@parcel%2fwatcher-linux-x64-musl set size:6040 disposed:false
212 http fetch GET 200 https://registry.npmmirror.com/picomatch 160ms (cache miss)
213 silly packumentCache full:https://registry.npmmirror.com/picomatch set size:22183 disposed:false
214 http fetch GET 200 https://registry.npmmirror.com/@parcel%2fwatcher-linux-arm64-glibc 197ms (cache miss)
215 silly packumentCache full:https://registry.npmmirror.com/@parcel%2fwatcher-linux-arm64-glibc set size:6087 disposed:false
216 http fetch GET 200 https://registry.npmmirror.com/@parcel%2fwatcher-linux-x64-glibc 199ms (cache miss)
217 silly packumentCache full:https://registry.npmmirror.com/@parcel%2fwatcher-linux-x64-glibc set size:6029 disposed:false
218 http fetch GET 200 https://registry.npmmirror.com/@parcel%2fwatcher-win32-ia32 214ms (cache miss)
219 silly packumentCache full:https://registry.npmmirror.com/@parcel%2fwatcher-win32-ia32 set size:4788 disposed:false
220 http fetch GET 200 https://registry.npmmirror.com/detect-libc 220ms (cache miss)
221 silly packumentCache full:https://registry.npmmirror.com/detect-libc set size:10958 disposed:false
222 http fetch GET 200 https://registry.npmmirror.com/@parcel%2fwatcher-win32-x64 246ms (cache miss)
223 silly packumentCache full:https://registry.npmmirror.com/@parcel%2fwatcher-win32-x64 set size:6060 disposed:false
224 http fetch GET 200 https://registry.npmmirror.com/@parcel%2fwatcher-linux-arm-glibc 262ms (cache miss)
225 silly packumentCache full:https://registry.npmmirror.com/@parcel%2fwatcher-linux-arm-glibc set size:6066 disposed:false
226 http fetch GET 200 https://registry.npmmirror.com/@parcel%2fwatcher-freebsd-x64 199ms (cache miss)
227 silly packumentCache full:https://registry.npmmirror.com/@parcel%2fwatcher-freebsd-x64 set size:4779 disposed:false
228 http fetch GET 200 https://registry.npmmirror.com/readdirp 208ms (cache miss)
229 silly packumentCache full:https://registry.npmmirror.com/readdirp set size:18552 disposed:false
230 http fetch GET 200 https://registry.npmmirror.com/@parcel%2fwatcher-linux-arm-musl 289ms (cache miss)
231 silly packumentCache full:https://registry.npmmirror.com/@parcel%2fwatcher-linux-arm-musl set size:2243 disposed:false
232 http fetch GET 200 https://registry.npmmirror.com/node-addon-api 298ms (cache miss)
233 silly packumentCache full:https://registry.npmmirror.com/node-addon-api set size:38755 disposed:false
234 http fetch GET 200 https://registry.npmmirror.com/@parcel%2fwatcher-android-arm64 367ms (cache miss)
235 silly packumentCache full:https://registry.npmmirror.com/@parcel%2fwatcher-android-arm64 set size:5766 disposed:false
236 silly placeDep ROOT @parcel/watcher-android-arm64@2.5.6 OK for: @parcel/watcher@2.5.6 want: 2.5.6
237 silly placeDep ROOT @parcel/watcher-darwin-arm64@2.5.6 OK for: @parcel/watcher@2.5.6 want: 2.5.6
238 silly placeDep ROOT @parcel/watcher-darwin-x64@2.5.6 OK for: @parcel/watcher@2.5.6 want: 2.5.6
239 silly placeDep ROOT @parcel/watcher-freebsd-x64@2.5.6 OK for: @parcel/watcher@2.5.6 want: 2.5.6
240 silly placeDep ROOT @parcel/watcher-linux-arm-glibc@2.5.6 OK for: @parcel/watcher@2.5.6 want: 2.5.6
241 silly placeDep ROOT @parcel/watcher-linux-arm-musl@2.5.6 OK for: @parcel/watcher@2.5.6 want: 2.5.6
242 silly placeDep ROOT @parcel/watcher-linux-arm64-glibc@2.5.6 OK for: @parcel/watcher@2.5.6 want: 2.5.6
243 silly placeDep ROOT @parcel/watcher-linux-arm64-musl@2.5.6 OK for: @parcel/watcher@2.5.6 want: 2.5.6
244 silly placeDep ROOT @parcel/watcher-linux-x64-glibc@2.5.6 OK for: @parcel/watcher@2.5.6 want: 2.5.6
245 silly placeDep ROOT @parcel/watcher-linux-x64-musl@2.5.6 OK for: @parcel/watcher@2.5.6 want: 2.5.6
246 silly placeDep ROOT @parcel/watcher-win32-arm64@2.5.6 OK for: @parcel/watcher@2.5.6 want: 2.5.6
247 silly placeDep ROOT @parcel/watcher-win32-ia32@2.5.6 OK for: @parcel/watcher@2.5.6 want: 2.5.6
248 silly placeDep ROOT @parcel/watcher-win32-x64@2.5.6 OK for: @parcel/watcher@2.5.6 want: 2.5.6
249 silly placeDep ROOT detect-libc@2.1.2 OK for: @parcel/watcher@2.5.6 want: ^2.0.3
250 silly placeDep ROOT node-addon-api@7.1.1 OK for: @parcel/watcher@2.5.6 want: ^7.0.0
251 silly placeDep node_modules/@parcel/watcher picomatch@4.0.3 OK for: @parcel/watcher@2.5.6 want: ^4.0.3
252 silly placeDep ROOT @jest/expect-utils@30.2.0 OK for: expect@30.2.0 want: 30.2.0
253 silly placeDep ROOT @jest/get-type@30.1.0 OK for: expect@30.2.0 want: 30.1.0
254 silly placeDep node_modules/@types/jest jest-matcher-utils@30.2.0 OK for: expect@30.2.0 want: 30.2.0
255 silly placeDep node_modules/@types/jest jest-message-util@30.2.0 OK for: expect@30.2.0 want: 30.2.0
256 silly placeDep node_modules/@types/jest jest-mock@30.2.0 OK for: expect@30.2.0 want: 30.2.0
257 silly placeDep node_modules/@types/jest jest-util@30.2.0 OK for: expect@30.2.0 want: 30.2.0
258 silly fetch manifest jest-diff@30.2.0
259 silly packumentCache full:https://registry.npmmirror.com/jest-diff cache-miss
260 silly fetch manifest @jest/types@30.2.0
261 silly packumentCache full:https://registry.npmmirror.com/@jest%2ftypes cache-miss
262 silly fetch manifest @jest/types@30.2.0
263 silly packumentCache full:https://registry.npmmirror.com/@jest%2ftypes cache-miss
264 silly fetch manifest @jest/types@30.2.0
265 silly packumentCache full:https://registry.npmmirror.com/@jest%2ftypes cache-miss
266 silly fetch manifest ci-info@^4.2.0
267 silly packumentCache full:https://registry.npmmirror.com/ci-info cache-miss
268 silly fetch manifest picomatch@^4.0.2
269 silly packumentCache full:https://registry.npmmirror.com/picomatch cache-hit
270 http fetch GET 200 https://registry.npmmirror.com/ci-info 177ms (cache miss)
271 silly packumentCache full:https://registry.npmmirror.com/ci-info set size:23085 disposed:false
272 http fetch GET 200 https://registry.npmmirror.com/@jest%2ftypes 248ms (cache miss)
273 silly packumentCache full:https://registry.npmmirror.com/@jest%2ftypes set size:58545 disposed:false
274 http fetch GET 200 https://registry.npmmirror.com/jest-diff 317ms (cache miss)
275 silly packumentCache full:https://registry.npmmirror.com/jest-diff set size:101291 disposed:false
276 http fetch GET 200 https://registry.npmmirror.com/@jest%2ftypes 371ms (cache miss)
277 silly packumentCache full:https://registry.npmmirror.com/@jest%2ftypes set size:58545 disposed:false
278 silly packumentCache full:https://registry.npmmirror.com/@jest%2ftypes dispose
279 http fetch GET 200 https://registry.npmmirror.com/@jest%2ftypes 375ms (cache miss)
280 silly packumentCache full:https://registry.npmmirror.com/@jest%2ftypes set size:58545 disposed:true
281 silly packumentCache full:https://registry.npmmirror.com/@jest%2ftypes dispose
282 silly placeDep node_modules/@types/jest jest-diff@30.2.0 OK for: jest-matcher-utils@30.2.0 want: 30.2.0
283 silly fetch manifest @jest/diff-sequences@30.0.1
284 silly packumentCache full:https://registry.npmmirror.com/@jest%2fdiff-sequences cache-miss
285 http fetch GET 200 https://registry.npmmirror.com/@jest%2fdiff-sequences 89ms (cache miss)
286 silly packumentCache full:https://registry.npmmirror.com/@jest%2fdiff-sequences set size:8753 disposed:false
287 silly placeDep ROOT @jest/diff-sequences@30.0.1 OK for: jest-diff@30.2.0 want: 30.0.1
288 silly placeDep node_modules/@types/jest @jest/types@30.2.0 OK for: jest-message-util@30.2.0 want: 30.2.0
289 silly fetch manifest @jest/pattern@30.0.1
290 silly packumentCache full:https://registry.npmmirror.com/@jest%2fpattern cache-miss
291 silly fetch manifest @types/yargs@^17.0.33
292 silly packumentCache full:https://registry.npmmirror.com/@types%2fyargs cache-miss
293 http fetch GET 200 https://registry.npmmirror.com/@types%2fyargs 121ms (cache miss)
294 silly packumentCache full:https://registry.npmmirror.com/@types%2fyargs set size:61891 disposed:false
295 http fetch GET 200 https://registry.npmmirror.com/@jest%2fpattern 137ms (cache miss)
296 silly packumentCache full:https://registry.npmmirror.com/@jest%2fpattern set size:3917 disposed:false
297 silly placeDep ROOT @jest/pattern@30.0.1 OK for: @jest/types@30.2.0 want: 30.0.1
298 silly placeDep node_modules/@types/jest @jest/schemas@30.0.5 OK for: @jest/types@30.2.0 want: 30.0.5
299 silly placeDep node_modules/@types/jest @types/yargs@17.0.35 OK for: @jest/types@30.2.0 want: ^17.0.33
300 silly fetch manifest jest-regex-util@30.0.1
301 silly packumentCache full:https://registry.npmmirror.com/jest-regex-util cache-miss
302 silly fetch manifest @sinclair/typebox@^0.34.0
303 silly packumentCache full:https://registry.npmmirror.com/@sinclair%2ftypebox cache-miss
304 http fetch GET 200 https://registry.npmmirror.com/jest-regex-util 112ms (cache miss)
305 silly packumentCache full:https://registry.npmmirror.com/jest-regex-util set size:40277 disposed:false
306 http fetch GET 200 https://registry.npmmirror.com/@sinclair%2ftypebox 254ms (cache miss)
307 silly packumentCache full:https://registry.npmmirror.com/@sinclair%2ftypebox set size:231410 disposed:false
308 silly placeDep node_modules/@jest/pattern jest-regex-util@30.0.1 OK for: @jest/pattern@30.0.1 want: 30.0.1
309 silly placeDep node_modules/@types/jest @sinclair/typebox@0.34.48 OK for: @jest/schemas@30.0.5 want: ^0.34.0
310 silly placeDep node_modules/@types/jest ci-info@4.4.0 OK for: jest-util@30.2.0 want: ^4.2.0
311 silly placeDep node_modules/@types/jest picomatch@4.0.3 OK for: jest-util@30.2.0 want: ^4.0.2
312 silly placeDep node_modules/@types/jest ansi-styles@5.2.0 OK for: pretty-format@30.2.0 want: ^5.2.0
313 silly placeDep node_modules/@types/jest react-is@18.3.1 OK for: pretty-format@30.2.0 want: ^18.3.1
314 silly placeDep node_modules/sass readdirp@4.1.2 OK for: chokidar@4.0.3 want: ^4.0.1
315 silly reify mark retired [
315 silly reify   'D:\\Atopos\\software_project\\vscode_project\\GitHub\\task-master\\node_modules\\@types\\node'
315 silly reify ]
316 silly reify mark retired [
316 silly reify   'D:\\Atopos\\software_project\\vscode_project\\GitHub\\task-master\\node_modules\\typescript',
316 silly reify   'D:\\Atopos\\software_project\\vscode_project\\GitHub\\task-master\\node_modules\\.bin\\tsc',
316 silly reify   'D:\\Atopos\\software_project\\vscode_project\\GitHub\\task-master\\node_modules\\.bin\\tsc.cmd',
316 silly reify   'D:\\Atopos\\software_project\\vscode_project\\GitHub\\task-master\\node_modules\\.bin\\tsc.ps1',
316 silly reify   'D:\\Atopos\\software_project\\vscode_project\\GitHub\\task-master\\node_modules\\.bin\\tsserver',
316 silly reify   'D:\\Atopos\\software_project\\vscode_project\\GitHub\\task-master\\node_modules\\.bin\\tsserver.cmd',
316 silly reify   'D:\\Atopos\\software_project\\vscode_project\\GitHub\\task-master\\node_modules\\.bin\\tsserver.ps1'
316 silly reify ]
317 silly reify moves {
317 silly reify   'D:\\Atopos\\software_project\\vscode_project\\GitHub\\task-master\\node_modules\\@types\\node': 'D:\\Atopos\\software_project\\vscode_project\\GitHub\\task-master\\node_modules\\@types\\.node-9iPyPmYh',
317 silly reify   'D:\\Atopos\\software_project\\vscode_project\\GitHub\\task-master\\node_modules\\typescript': 'D:\\Atopos\\software_project\\vscode_project\\GitHub\\task-master\\node_modules\\.typescript-39pk3hvu',
317 silly reify   'D:\\Atopos\\software_project\\vscode_project\\GitHub\\task-master\\node_modules\\.bin\\tsc': 'D:\\Atopos\\software_project\\vscode_project\\GitHub\\task-master\\node_modules\\.bin\\.tsc-KeI6wdat',
317 silly reify   'D:\\Atopos\\software_project\\vscode_project\\GitHub\\task-master\\node_modules\\.bin\\tsc.cmd': 'D:\\Atopos\\software_project\\vscode_project\\GitHub\\task-master\\node_modules\\.bin\\.tsc.cmd-FHzcpQrv',
317 silly reify   'D:\\Atopos\\software_project\\vscode_project\\GitHub\\task-master\\node_modules\\.bin\\tsc.ps1': 'D:\\Atopos\\software_project\\vscode_project\\GitHub\\task-master\\node_modules\\.bin\\.tsc.ps1-dU95EraH',
317 silly reify   'D:\\Atopos\\software_project\\vscode_project\\GitHub\\task-master\\node_modules\\.bin\\tsserver': 'D:\\Atopos\\software_project\\vscode_project\\GitHub\\task-master\\node_modules\\.bin\\.tsserver-DrBUszPY',
317 silly reify   'D:\\Atopos\\software_project\\vscode_project\\GitHub\\task-master\\node_modules\\.bin\\tsserver.cmd': 'D:\\Atopos\\software_project\\vscode_project\\GitHub\\task-master\\node_modules\\.bin\\.tsserver.cmd-DRVUVCPh',
317 silly reify   'D:\\Atopos\\software_project\\vscode_project\\GitHub\\task-master\\node_modules\\.bin\\tsserver.ps1': 'D:\\Atopos\\software_project\\vscode_project\\GitHub\\task-master\\node_modules\\.bin\\.tsserver.ps1-BqD8S7dW'
317 silly reify }
318 silly audit bulk request {
318 silly audit   '@adobe/css-tools': [ '4.4.4' ],
318 silly audit   '@alloc/quick-lru': [ '5.2.0' ],
318 silly audit   '@ant-design/colors': [ '8.0.1' ],
318 silly audit   '@ant-design/cssinjs': [ '2.1.0' ],
318 silly audit   '@ant-design/cssinjs-utils': [ '2.1.1' ],
318 silly audit   '@ant-design/fast-color': [ '3.0.1' ],
318 silly audit   '@ant-design/icons': [ '6.1.0' ],
318 silly audit   '@ant-design/icons-svg': [ '4.4.2' ],
318 silly audit   '@ant-design/react-slick': [ '2.0.0' ],
318 silly audit   '@babel/code-frame': [ '7.29.0' ],
318 silly audit   '@babel/compat-data': [ '7.29.0' ],
318 silly audit   '@babel/core': [ '7.29.0' ],
318 silly audit   semver: [ '6.3.1', '7.7.4' ],
318 silly audit   '@babel/eslint-parser': [ '7.28.6' ],
318 silly audit   'eslint-visitor-keys': [ '2.1.0', '3.4.3' ],
318 silly audit   '@babel/generator': [ '7.29.1' ],
318 silly audit   '@babel/helper-annotate-as-pure': [ '7.27.3' ],
318 silly audit   '@babel/helper-compilation-targets': [ '7.28.6' ],
318 silly audit   '@babel/helper-create-class-features-plugin': [ '7.28.6' ],
318 silly audit   '@babel/helper-create-regexp-features-plugin': [ '7.28.5' ],
318 silly audit   '@babel/helper-define-polyfill-provider': [ '0.6.6' ],
318 silly audit   '@babel/helper-globals': [ '7.28.0' ],
318 silly audit   '@babel/helper-member-expression-to-functions': [ '7.28.5' ],
318 silly audit   '@babel/helper-module-imports': [ '7.28.6' ],
318 silly audit   '@babel/helper-module-transforms': [ '7.28.6' ],
318 silly audit   '@babel/helper-optimise-call-expression': [ '7.27.1' ],
318 silly audit   '@babel/helper-plugin-utils': [ '7.28.6' ],
318 silly audit   '@babel/helper-remap-async-to-generator': [ '7.27.1' ],
318 silly audit   '@babel/helper-replace-supers': [ '7.28.6' ],
318 silly audit   '@babel/helper-skip-transparent-expression-wrappers': [ '7.27.1' ],
318 silly audit   '@babel/helper-string-parser': [ '7.27.1' ],
318 silly audit   '@babel/helper-validator-identifier': [ '7.28.5' ],
318 silly audit   '@babel/helper-validator-option': [ '7.27.1' ],
318 silly audit   '@babel/helper-wrap-function': [ '7.28.6' ],
318 silly audit   '@babel/helpers': [ '7.28.6' ],
318 silly audit   '@babel/parser': [ '7.29.0' ],
318 silly audit   '@babel/plugin-bugfix-firefox-class-in-computed-class-key': [ '7.28.5' ],
318 silly audit   '@babel/plugin-bugfix-safari-class-field-initializer-scope': [ '7.27.1' ],
318 silly audit   '@babel/plugin-bugfix-safari-id-destructuring-collision-in-function-expression': [ '7.27.1' ],
318 silly audit   '@babel/plugin-bugfix-v8-spread-parameters-in-optional-chaining': [ '7.27.1' ],
318 silly audit   '@babel/plugin-bugfix-v8-static-class-fields-redefine-readonly': [ '7.28.6' ],
318 silly audit   '@babel/plugin-proposal-class-properties': [ '7.18.6' ],
318 silly audit   '@babel/plugin-proposal-decorators': [ '7.29.0' ],
318 silly audit   '@babel/plugin-proposal-nullish-coalescing-operator': [ '7.18.6' ],
318 silly audit   '@babel/plugin-proposal-numeric-separator': [ '7.18.6' ],
318 silly audit   '@babel/plugin-proposal-optional-chaining': [ '7.21.0' ],
318 silly audit   '@babel/plugin-proposal-private-methods': [ '7.18.6' ],
318 silly audit   '@babel/plugin-proposal-private-property-in-object': [ '7.21.0-placeholder-for-preset-env.2', '7.21.11' ],
318 silly audit   '@babel/plugin-syntax-async-generators': [ '7.8.4' ],
318 silly audit   '@babel/plugin-syntax-bigint': [ '7.8.3' ],
318 silly audit   '@babel/plugin-syntax-class-properties': [ '7.12.13' ],
318 silly audit   '@babel/plugin-syntax-class-static-block': [ '7.14.5' ],
318 silly audit   '@babel/plugin-syntax-decorators': [ '7.28.6' ],
318 silly audit   '@babel/plugin-syntax-flow': [ '7.28.6' ],
318 silly audit   '@babel/plugin-syntax-import-assertions': [ '7.28.6' ],
318 silly audit   '@babel/plugin-syntax-import-attributes': [ '7.28.6' ],
318 silly audit   '@babel/plugin-syntax-import-meta': [ '7.10.4' ],
318 silly audit   '@babel/plugin-syntax-json-strings': [ '7.8.3' ],
318 silly audit   '@babel/plugin-syntax-jsx': [ '7.28.6' ],
318 silly audit   '@babel/plugin-syntax-logical-assignment-operators': [ '7.10.4' ],
318 silly audit   '@babel/plugin-syntax-nullish-coalescing-operator': [ '7.8.3' ],
318 silly audit   '@babel/plugin-syntax-numeric-separator': [ '7.10.4' ],
318 silly audit   '@babel/plugin-syntax-object-rest-spread': [ '7.8.3' ],
318 silly audit   '@babel/plugin-syntax-optional-catch-binding': [ '7.8.3' ],
318 silly audit   '@babel/plugin-syntax-optional-chaining': [ '7.8.3' ],
318 silly audit   '@babel/plugin-syntax-private-property-in-object': [ '7.14.5' ],
318 silly audit   '@babel/plugin-syntax-top-level-await': [ '7.14.5' ],
318 silly audit   '@babel/plugin-syntax-typescript': [ '7.28.6' ],
318 silly audit   '@babel/plugin-syntax-unicode-sets-regex': [ '7.18.6' ],
318 silly audit   '@babel/plugin-transform-arrow-functions': [ '7.27.1' ],
318 silly audit   '@babel/plugin-transform-async-generator-functions': [ '7.29.0' ],
318 silly audit   '@babel/plugin-transform-async-to-generator': [ '7.28.6' ],
318 silly audit   '@babel/plugin-transform-block-scoped-functions': [ '7.27.1' ],
318 silly audit   '@babel/plugin-transform-block-scoping': [ '7.28.6' ],
318 silly audit   '@babel/plugin-transform-class-properties': [ '7.28.6' ],
318 silly audit   '@babel/plugin-transform-class-static-block': [ '7.28.6' ],
318 silly audit   '@babel/plugin-transform-classes': [ '7.28.6' ],
318 silly audit   '@babel/plugin-transform-computed-properties': [ '7.28.6' ],
318 silly audit   '@babel/plugin-transform-destructuring': [ '7.28.5' ],
318 silly audit   '@babel/plugin-transform-dotall-regex': [ '7.28.6' ],
318 silly audit   '@babel/plugin-transform-duplicate-keys': [ '7.27.1' ],
318 silly audit   '@babel/plugin-transform-duplicate-named-capturing-groups-regex': [ '7.29.0' ],
318 silly audit   '@babel/plugin-transform-dynamic-import': [ '7.27.1' ],
318 silly audit   '@babel/plugin-transform-explicit-resource-management': [ '7.28.6' ],
318 silly audit   '@babel/plugin-transform-exponentiation-operator': [ '7.28.6' ],
318 silly audit   '@babel/plugin-transform-export-namespace-from': [ '7.27.1' ],
318 silly audit   '@babel/plugin-transform-flow-strip-types': [ '7.27.1' ],
318 silly audit   '@babel/plugin-transform-for-of': [ '7.27.1' ],
318 silly audit   '@babel/plugin-transform-function-name': [ '7.27.1' ],
318 silly audit   '@babel/plugin-transform-json-strings': [ '7.28.6' ],
318 silly audit   '@babel/plugin-transform-literals': [ '7.27.1' ],
318 silly audit   '@babel/plugin-transform-logical-assignment-operators': [ '7.28.6' ],
318 silly audit   '@babel/plugin-transform-member-expression-literals': [ '7.27.1' ],
318 silly audit   '@babel/plugin-transform-modules-amd': [ '7.27.1' ],
318 silly audit   '@babel/plugin-transform-modules-commonjs': [ '7.28.6' ],
318 silly audit   '@babel/plugin-transform-modules-systemjs': [ '7.29.0' ],
318 silly audit   '@babel/plugin-transform-modules-umd': [ '7.27.1' ],
318 silly audit   '@babel/plugin-transform-named-capturing-groups-regex': [ '7.29.0' ],
318 silly audit   '@babel/plugin-transform-new-target': [ '7.27.1' ],
318 silly audit   '@babel/plugin-transform-nullish-coalescing-operator': [ '7.28.6' ],
318 silly audit   '@babel/plugin-transform-numeric-separator': [ '7.28.6' ],
318 silly audit   '@babel/plugin-transform-object-rest-spread': [ '7.28.6' ],
318 silly audit   '@babel/plugin-transform-object-super': [ '7.27.1' ],
318 silly audit   '@babel/plugin-transform-optional-catch-binding': [ '7.28.6' ],
318 silly audit   '@babel/plugin-transform-optional-chaining': [ '7.28.6' ],
318 silly audit   '@babel/plugin-transform-parameters': [ '7.27.7' ],
318 silly audit   '@babel/plugin-transform-private-methods': [ '7.28.6' ],
318 silly audit   '@babel/plugin-transform-private-property-in-object': [ '7.28.6' ],
318 silly audit   '@babel/plugin-transform-property-literals': [ '7.27.1' ],
318 silly audit   '@babel/plugin-transform-react-constant-elements': [ '7.27.1' ],
318 silly audit   '@babel/plugin-transform-react-display-name': [ '7.28.0' ],
318 silly audit   '@babel/plugin-transform-react-jsx': [ '7.28.6' ],
318 silly audit   '@babel/plugin-transform-react-jsx-development': [ '7.27.1' ],
318 silly audit   '@babel/plugin-transform-react-pure-annotations': [ '7.27.1' ],
318 silly audit   '@babel/plugin-transform-regenerator': [ '7.29.0' ],
318 silly audit   '@babel/plugin-transform-regexp-modifiers': [ '7.28.6' ],
318 silly audit   '@babel/plugin-transform-reserved-words': [ '7.27.1' ],
318 silly audit   '@babel/plugin-transform-runtime': [ '7.29.0' ],
318 silly audit   'babel-plugin-polyfill-corejs3': [ '0.13.0', '0.14.0' ],
318 silly audit   '@babel/plugin-transform-shorthand-properties': [ '7.27.1' ],
318 silly audit   '@babel/plugin-transform-spread': [ '7.28.6' ],
318 silly audit   '@babel/plugin-transform-sticky-regex': [ '7.27.1' ],
318 silly audit   '@babel/plugin-transform-template-literals': [ '7.27.1' ],
318 silly audit   '@babel/plugin-transform-typeof-symbol': [ '7.27.1' ],
318 silly audit   '@babel/plugin-transform-typescript': [ '7.28.6' ],
318 silly audit   '@babel/plugin-transform-unicode-escapes': [ '7.27.1' ],
318 silly audit   '@babel/plugin-transform-unicode-property-regex': [ '7.28.6' ],
318 silly audit   '@babel/plugin-transform-unicode-regex': [ '7.27.1' ],
318 silly audit   '@babel/plugin-transform-unicode-sets-regex': [ '7.28.6' ],
318 silly audit   '@babel/preset-env': [ '7.29.0' ],
318 silly audit   '@babel/preset-modules': [ '0.1.6-no-external-plugins' ],
318 silly audit   '@babel/preset-react': [ '7.28.5' ],
318 silly audit   '@babel/preset-typescript': [ '7.28.5' ],
318 silly audit   '@babel/runtime': [ '7.28.6' ],
318 silly audit   '@babel/template': [ '7.28.6' ],
318 silly audit   '@babel/traverse': [ '7.29.0' ],
318 silly audit   '@babel/types': [ '7.29.0' ],
318 silly audit   '@bcoe/v8-coverage': [ '0.2.3' ],
318 silly audit   '@craco/craco': [ '7.1.0' ],
318 silly audit   '@cspotcode/source-map-support': [ '0.8.1' ],
318 silly audit   '@jridgewell/trace-mapping': [ '0.3.9', '0.3.31' ],
318 silly audit   '@csstools/normalize.css': [ '12.1.1' ],
318 silly audit   '@csstools/postcss-cascade-layers': [ '1.1.1' ],
318 silly audit   '@csstools/postcss-color-function': [ '1.1.1' ],
318 silly audit   '@csstools/postcss-font-format-keywords': [ '1.0.1' ],
318 silly audit   '@csstools/postcss-hwb-function': [ '1.0.2' ],
318 silly audit   '@csstools/postcss-ic-unit': [ '1.0.1' ],
318 silly audit   '@csstools/postcss-is-pseudo-class': [ '2.0.7' ],
318 silly audit   '@csstools/postcss-nested-calc': [ '1.0.0' ],
318 silly audit   '@csstools/postcss-normalize-display-values': [ '1.0.1' ],
318 silly audit   '@csstools/postcss-oklab-function': [ '1.1.1' ],
318 silly audit   '@csstools/postcss-progressive-custom-properties': [ '1.3.0' ],
318 silly audit   '@csstools/postcss-stepped-value-functions': [ '1.0.1' ],
318 silly audit   '@csstools/postcss-text-decoration-shorthand': [ '1.0.0' ],
318 silly audit   '@csstools/postcss-trigonometric-functions': [ '1.0.2' ],
318 silly audit   '@csstools/postcss-unset-value': [ '1.0.2' ],
318 silly audit   '@csstools/selector-specificity': [ '2.2.0' ],
318 silly audit   '@emotion/hash': [ '0.8.0' ],
318 silly audit   '@emotion/unitless': [ '0.7.5' ],
318 silly audit   '@eslint-community/eslint-utils': [ '4.9.1' ],
318 silly audit   '@eslint-community/regexpp': [ '4.12.2' ],
318 silly audit   '@eslint/eslintrc': [ '2.1.4' ],
318 silly audit   argparse: [ '2.0.1', '1.0.10' ],
318 silly audit   'js-yaml': [ '4.1.1', '3.14.2' ],
318 silly audit   '@eslint/js': [ '8.57.1' ],
318 silly audit   '@humanwhocodes/config-array': [ '0.13.0' ],
318 silly audit   '@humanwhocodes/module-importer': [ '1.0.1' ],
318 silly audit   '@humanwhocodes/object-schema': [ '2.0.3' ],
318 silly audit   '@istanbuljs/load-nyc-config': [ '1.1.0' ],
318 silly audit   camelcase: [ '5.3.1', '6.3.0' ],
318 silly audit   '@istanbuljs/schema': [ '0.1.3' ],
318 silly audit   '@jest/console': [ '27.5.1', '28.1.3' ],
318 silly audit   '@jest/core': [ '27.5.1' ],
318 silly audit   '@jest/environment': [ '27.5.1' ],
318 silly audit   '@jest/fake-timers': [ '27.5.1' ],
318 silly audit   '@jest/globals': [ '27.5.1' ],
318 silly audit   '@jest/reporters': [ '27.5.1' ],
318 silly audit   'source-map': [ '0.6.1', '0.7.6', '0.8.0-beta.0' ],
318 silly audit   '@jest/schemas': [ '28.1.3', '30.0.5' ],
318 silly audit   '@jest/source-map': [ '27.5.1' ],
318 silly audit   '@jest/test-result': [ '27.5.1', '28.1.3' ],
318 silly audit   '@jest/test-sequencer': [ '27.5.1' ],
318 silly audit   '@jest/transform': [ '27.5.1' ],
318 silly audit   'convert-source-map': [ '1.9.0', '2.0.0' ],
318 silly audit   '@jest/types': [ '27.5.1', '28.1.3', '30.2.0' ],
318 silly audit   '@jridgewell/gen-mapping': [ '0.3.13' ],
318 silly audit   '@jridgewell/remapping': [ '2.3.5' ],
318 silly audit   '@jridgewell/resolve-uri': [ '3.1.2' ],
318 silly audit   '@jridgewell/source-map': [ '0.3.11' ],
318 silly audit   '@jridgewell/sourcemap-codec': [ '1.5.5' ],
318 silly audit   '@leichtgewicht/ip-codec': [ '2.0.5' ],
318 silly audit   '@nicolo-ribaudo/eslint-scope-5-internals': [ '5.1.1-v1' ],
318 silly audit   'eslint-scope': [ '5.1.1', '7.2.2' ],
318 silly audit   estraverse: [ '4.3.0', '5.3.0' ],
318 silly audit   '@nodelib/fs.scandir': [ '2.1.5' ],
318 silly audit   '@nodelib/fs.stat': [ '2.0.5' ],
318 silly audit   '@nodelib/fs.walk': [ '1.2.8' ],
318 silly audit   '@pmmmwh/react-refresh-webpack-plugin': [ '0.5.17' ],
318 silly audit   '@rc-component/async-validator': [ '5.1.0' ],
318 silly audit   '@rc-component/cascader': [ '1.14.0' ],
318 silly audit   '@rc-component/checkbox': [ '2.0.0' ],
318 silly audit   '@rc-component/collapse': [ '1.2.0' ],
318 silly audit   '@rc-component/color-picker': [ '3.1.0' ],
318 silly audit   '@rc-component/context': [ '2.0.1' ],
318 silly audit   '@rc-component/dialog': [ '1.8.4' ],
318 silly audit   '@rc-component/drawer': [ '1.4.2' ],
318 silly audit   '@rc-component/dropdown': [ '1.0.2' ],
318 silly audit   '@rc-component/form': [ '1.6.2' ],
318 silly audit   '@rc-component/image': [ '1.6.0' ],
318 silly audit   '@rc-component/input': [ '1.1.2' ],
318 silly audit   '@rc-component/input-number': [ '1.6.2' ],
318 silly audit   '@rc-component/mentions': [ '1.6.0' ],
318 silly audit   '@rc-component/menu': [ '1.2.0' ],
318 silly audit   '@rc-component/mini-decimal': [ '1.1.0' ],
318 silly audit   '@rc-component/motion': [ '1.3.1' ],
318 silly audit   '@rc-component/mutate-observer': [ '2.0.1' ],
318 silly audit   '@rc-component/notification': [ '1.2.0' ],
318 silly audit   '@rc-component/overflow': [ '1.0.0' ],
318 silly audit   '@rc-component/pagination': [ '1.2.0' ],
318 silly audit   '@rc-component/picker': [ '1.9.0' ],
318 silly audit   '@rc-component/portal': [ '2.2.0' ],
318 silly audit   '@rc-component/progress': [ '1.0.2' ],
318 silly audit   '@rc-component/qrcode': [ '1.1.1' ],
318 silly audit   '@rc-component/rate': [ '1.0.1' ],
318 silly audit   '@rc-component/resize-observer': [ '1.1.1' ],
318 silly audit   '@rc-component/segmented': [ '1.3.0' ],
318 silly audit   '@rc-component/select': [ '1.6.12' ],
318 silly audit   '@rc-component/slider': [ '1.0.1' ],
318 silly audit   '@rc-component/steps': [ '1.2.2' ],
318 silly audit   '@rc-component/switch': [ '1.0.3' ],
318 silly audit   '@rc-component/table': [ '1.9.1' ],
318 silly audit   '@rc-component/tabs': [ '1.7.0' ],
318 silly audit   '@rc-component/textarea': [ '1.1.2' ],
318 silly audit   '@rc-component/tooltip': [ '1.4.0' ],
318 silly audit   '@rc-component/tour': [ '2.3.0' ],
318 silly audit   '@rc-component/tree': [ '1.2.3' ],
318 silly audit   '@rc-component/tree-select': [ '1.8.0' ],
318 silly audit   '@rc-component/trigger': [ '3.9.0' ],
318 silly audit   '@rc-component/upload': [ '1.1.0' ],
318 silly audit   '@rc-component/util': [ '1.9.0' ],
318 silly audit   'react-is': [ '18.3.1', '16.13.1', '17.0.2' ],
318 silly audit   '@rc-component/virtual-list': [ '1.0.2' ],
318 silly audit   '@rollup/plugin-babel': [ '5.3.1' ],
318 silly audit   '@rollup/plugin-node-resolve': [ '11.2.1' ],
318 silly audit   '@rollup/plugin-replace': [ '2.4.2' ],
318 silly audit   '@rollup/pluginutils': [ '3.1.0' ],
318 silly audit   '@types/estree': [ '0.0.39', '1.0.8' ],
318 silly audit   '@rtsao/scc': [ '1.1.0' ],
318 silly audit   '@rushstack/eslint-patch': [ '1.16.1' ],
318 silly audit   '@sinclair/typebox': [ '0.24.51', '0.34.48' ],
318 silly audit   '@sinonjs/commons': [ '1.8.6' ],
318 silly audit   '@sinonjs/fake-timers': [ '8.1.0' ],
318 silly audit   '@surma/rollup-plugin-off-main-thread': [ '2.2.3' ],
318 silly audit   '@svgr/babel-plugin-add-jsx-attribute': [ '5.4.0' ],
318 silly audit   '@svgr/babel-plugin-remove-jsx-attribute': [ '5.4.0' ],
318 silly audit   '@svgr/babel-plugin-remove-jsx-empty-expression': [ '5.0.1' ],
318 silly audit   '@svgr/babel-plugin-replace-jsx-attribute-value': [ '5.0.1' ],
318 silly audit   '@svgr/babel-plugin-svg-dynamic-title': [ '5.4.0' ],
318 silly audit   '@svgr/babel-plugin-svg-em-dimensions': [ '5.4.0' ],
318 silly audit   '@svgr/babel-plugin-transform-react-native-svg': [ '5.4.0' ],
318 silly audit   '@svgr/babel-plugin-transform-svg-component': [ '5.5.0' ],
318 silly audit   '@svgr/babel-preset': [ '5.5.0' ],
318 silly audit   '@svgr/core': [ '5.5.0' ],
318 silly audit   '@svgr/hast-util-to-babel-ast': [ '5.5.0' ],
318 silly audit   '@svgr/plugin-jsx': [ '5.5.0' ],
318 silly audit   '@svgr/plugin-svgo': [ '5.5.0' ],
318 silly audit   '@svgr/webpack': [ '5.5.0' ],
318 silly audit   '@testing-library/dom': [ '10.4.1' ],
318 silly audit   'aria-query': [ '5.3.0', '5.3.2' ],
318 silly audit   '@testing-library/jest-dom': [ '6.9.1' ],
318 silly audit   'dom-accessibility-api': [ '0.6.3', '0.5.16' ],
318 silly audit   '@testing-library/react': [ '16.3.2' ],
318 silly audit   '@testing-library/user-event': [ '13.5.0' ],
318 silly audit   '@tootallnate/once': [ '1.1.2' ],
318 silly audit   '@trysound/sax': [ '0.2.0' ],
318 silly audit   '@tsconfig/node10': [ '1.0.12' ],
318 silly audit   '@tsconfig/node12': [ '1.0.11' ],
318 silly audit   '@tsconfig/node14': [ '1.0.3' ],
318 silly audit   '@tsconfig/node16': [ '1.0.4' ],
318 silly audit   '@types/aria-query': [ '5.0.4' ],
318 silly audit   '@types/babel__core': [ '7.20.5' ],
318 silly audit   '@types/babel__generator': [ '7.27.0' ],
318 silly audit   '@types/babel__template': [ '7.4.4' ],
318 silly audit   '@types/babel__traverse': [ '7.28.0' ],
318 silly audit   '@types/body-parser': [ '1.19.6' ],
318 silly audit   '@types/bonjour': [ '3.5.13' ],
318 silly audit   '@types/connect': [ '3.4.38' ],
318 silly audit   '@types/connect-history-api-fallback': [ '1.5.4' ],
318 silly audit   '@types/eslint': [ '8.56.12' ],
318 silly audit   '@types/eslint-scope': [ '3.7.7' ],
318 silly audit   '@types/express': [ '4.17.25' ],
318 silly audit   '@types/express-serve-static-core': [ '5.1.1', '4.19.8' ],
318 silly audit   '@types/graceful-fs': [ '4.1.9' ],
318 silly audit   '@types/html-minifier-terser': [ '6.1.0' ],
318 silly audit   '@types/http-errors': [ '2.0.5' ],
318 silly audit   '@types/http-proxy': [ '1.17.17' ],
318 silly audit   '@types/istanbul-lib-coverage': [ '2.0.6' ],
318 silly audit   '@types/istanbul-lib-report': [ '3.0.3' ],
318 silly audit   '@types/istanbul-reports': [ '3.0.4' ],
318 silly audit   '@types/json-schema': [ '7.0.15' ],
318 silly audit   '@types/json5': [ '0.0.29' ],
318 silly audit   '@types/mime': [ '1.3.5' ],
318 silly audit   '@types/node-forge': [ '1.3.14' ],
318 silly audit   '@types/parse-json': [ '4.0.2' ],
318 silly audit   '@types/prettier': [ '2.7.3' ],
318 silly audit   '@types/q': [ '1.5.8' ],
318 silly audit   '@types/qs': [ '6.14.0' ],
318 silly audit   '@types/range-parser': [ '1.2.7' ],
318 silly audit   '@types/resolve': [ '1.17.1' ],
318 silly audit   '@types/retry': [ '0.12.0' ],
318 silly audit   '@types/semver': [ '7.7.1' ],
318 silly audit   '@types/send': [ '1.2.1', '0.17.6' ],
318 silly audit   '@types/serve-index': [ '1.9.4' ],
318 silly audit   '@types/serve-static': [ '1.15.10' ],
318 silly audit   '@types/sockjs': [ '0.3.36' ],
318 silly audit   '@types/stack-utils': [ '2.0.3' ],
318 silly audit   '@types/trusted-types': [ '2.0.7' ],
318 silly audit   '@types/ws': [ '8.18.1' ],
318 silly audit   '@types/yargs': [ '16.0.11', '17.0.35' ],
318 silly audit   '@types/yargs-parser': [ '21.0.3' ],
318 silly audit   '@typescript-eslint/eslint-plugin': [ '5.62.0' ],
318 silly audit   '@typescript-eslint/experimental-utils': [ '5.62.0' ],
318 silly audit   '@typescript-eslint/parser': [ '5.62.0' ],
318 silly audit   '@typescript-eslint/scope-manager': [ '5.62.0' ],
318 silly audit   '@typescript-eslint/type-utils': [ '5.62.0' ],
318 silly audit   '@typescript-eslint/types': [ '5.62.0' ],
318 silly audit   '@typescript-eslint/typescript-estree': [ '5.62.0' ],
318 silly audit   '@typescript-eslint/utils': [ '5.62.0' ],
318 silly audit   '@typescript-eslint/visitor-keys': [ '5.62.0' ],
318 silly audit   '@ungap/structured-clone': [ '1.3.0' ],
318 silly audit   '@webassemblyjs/ast': [ '1.14.1' ],
318 silly audit   '@webassemblyjs/floating-point-hex-parser': [ '1.13.2' ],
318 silly audit   '@webassemblyjs/helper-api-error': [ '1.13.2' ],
318 silly audit   '@webassemblyjs/helper-buffer': [ '1.14.1' ],
318 silly audit   '@webassemblyjs/helper-numbers': [ '1.13.2' ],
318 silly audit   '@webassemblyjs/helper-wasm-bytecode': [ '1.13.2' ],
318 silly audit   '@webassemblyjs/helper-wasm-section': [ '1.14.1' ],
318 silly audit   '@webassemblyjs/ieee754': [ '1.13.2' ],
318 silly audit   '@webassemblyjs/leb128': [ '1.13.2' ],
318 silly audit   '@webassemblyjs/utf8': [ '1.13.2' ],
318 silly audit   '@webassemblyjs/wasm-edit': [ '1.14.1' ],
318 silly audit   '@webassemblyjs/wasm-gen': [ '1.14.1' ],
318 silly audit   '@webassemblyjs/wasm-opt': [ '1.14.1' ],
318 silly audit   '@webassemblyjs/wasm-parser': [ '1.14.1' ],
318 silly audit   '@webassemblyjs/wast-printer': [ '1.14.1' ],
318 silly audit   '@xtuc/ieee754': [ '1.2.0' ],
318 silly audit   '@xtuc/long': [ '4.2.2' ],
318 silly audit   abab: [ '2.0.6' ],
318 silly audit   accepts: [ '1.3.8' ],
318 silly audit   negotiator: [ '0.6.3', '0.6.4' ],
318 silly audit   acorn: [ '8.16.0', '7.4.1' ],
318 silly audit   'acorn-globals': [ '6.0.0' ],
318 silly audit   'acorn-import-phases': [ '1.0.4' ],
318 silly audit   'acorn-jsx': [ '5.3.2' ],
318 silly audit   'acorn-walk': [ '7.2.0', '8.3.5' ],
318 silly audit   address: [ '1.2.2' ],
318 silly audit   'adjust-sourcemap-loader': [ '4.0.0' ],
318 silly audit   'agent-base': [ '6.0.2' ],
318 silly audit   ajv: [ '6.14.0', '8.18.0' ],
318 silly audit   'ajv-formats': [ '2.1.1' ],
318 silly audit   'json-schema-traverse': [ '1.0.0', '0.4.1' ],
318 silly audit   'ajv-keywords': [ '3.5.2', '5.1.0' ],
318 silly audit   'ansi-escapes': [ '4.3.2' ],
318 silly audit   'type-fest': [ '0.21.3', '0.16.0', '0.20.2' ],
318 silly audit   'ansi-html': [ '0.0.9' ],
318 silly audit   'ansi-html-community': [ '0.0.8' ],
318 silly audit   'ansi-regex': [ '5.0.1', '6.2.2' ],
318 silly audit   'ansi-styles': [ '4.3.0', '3.2.1', '5.2.0' ],
318 silly audit   antd: [ '6.3.1' ],
318 silly audit   'any-promise': [ '1.3.0' ],
318 silly audit   anymatch: [ '3.1.3' ],
318 silly audit   arg: [ '5.0.2', '4.1.3' ],
318 silly audit   'array-buffer-byte-length': [ '1.0.2' ],
318 silly audit   'array-flatten': [ '1.1.1' ],
318 silly audit   'array-includes': [ '3.1.9' ],
318 silly audit   'array-union': [ '2.1.0' ],
318 silly audit   'array.prototype.findlast': [ '1.2.5' ],
318 silly audit   'array.prototype.findlastindex': [ '1.2.6' ],
318 silly audit   'array.prototype.flat': [ '1.3.3' ],
318 silly audit   'array.prototype.flatmap': [ '1.3.3' ],
318 silly audit   'array.prototype.reduce': [ '1.0.8' ],
318 silly audit   'array.prototype.tosorted': [ '1.1.4' ],
318 silly audit   'arraybuffer.prototype.slice': [ '1.0.4' ],
318 silly audit   asap: [ '2.0.6' ],
318 silly audit   'ast-types-flow': [ '0.0.8' ],
318 silly audit   async: [ '3.2.6' ],
318 silly audit   'async-function': [ '1.0.0' ],
318 silly audit   asynckit: [ '0.4.0' ],
318 silly audit   'at-least-node': [ '1.0.0' ],
318 silly audit   autoprefixer: [ '10.4.27' ],
318 silly audit   'available-typed-arrays': [ '1.0.7' ],
318 silly audit   'axe-core': [ '4.11.1' ],
318 silly audit   axios: [ '1.13.5' ],
318 silly audit   'form-data': [ '4.0.5', '3.0.4' ],
318 silly audit   'axobject-query': [ '4.1.0' ],
318 silly audit   'babel-jest': [ '27.5.1' ],
318 silly audit   'babel-loader': [ '8.4.1' ],
318 silly audit   'schema-utils': [ '2.7.1', '3.3.0', '2.7.0', '4.3.3' ],
318 silly audit   'babel-plugin-import': [ '1.13.8' ],
318 silly audit   'babel-plugin-istanbul': [ '6.1.1' ],
318 silly audit   'babel-plugin-jest-hoist': [ '27.5.1' ],
318 silly audit   'babel-plugin-macros': [ '3.1.0' ],
318 silly audit   'babel-plugin-named-asset-import': [ '0.3.8' ],
318 silly audit   'babel-plugin-polyfill-corejs2': [ '0.4.15' ],
318 silly audit   'babel-plugin-polyfill-regenerator': [ '0.6.6' ],
318 silly audit   'babel-plugin-transform-react-remove-prop-types': [ '0.4.24' ],
318 silly audit   'babel-preset-current-node-syntax': [ '1.2.0' ],
318 silly audit   'babel-preset-jest': [ '27.5.1' ],
318 silly audit   'babel-preset-react-app': [ '10.1.0' ],
318 silly audit   'balanced-match': [ '1.0.2' ],
318 silly audit   'baseline-browser-mapping': [ '2.10.0' ],
318 silly audit   'basic-auth': [ '2.0.1' ],
318 silly audit   'safe-buffer': [ '5.1.2', '5.2.1' ],
318 silly audit   batch: [ '0.6.1' ],
318 silly audit   bfj: [ '7.1.0' ],
318 silly audit   'big.js': [ '5.2.2' ],
318 silly audit   'binary-extensions': [ '2.3.0' ],
318 silly audit   bluebird: [ '3.7.2' ],
318 silly audit   'body-parser': [ '1.20.4' ],
318 silly audit   debug: [ '2.6.9', '4.4.3', '3.2.7', '3.1.0' ],
318 silly audit   'iconv-lite': [ '0.4.24', '0.6.3' ],
318 silly audit   ms: [ '2.0.0', '2.1.3' ],
318 silly audit   'bonjour-service': [ '1.3.0' ],
318 silly audit   boolbase: [ '1.0.0' ],
318 silly audit   'brace-expansion': [ '1.1.12', '2.0.2' ],
318 silly audit   braces: [ '3.0.3' ],
318 silly audit   'browser-process-hrtime': [ '1.0.0' ],
318 silly audit   browserslist: [ '4.28.1' ],
318 silly audit   bser: [ '2.1.1' ],
318 silly audit   'buffer-from': [ '1.1.2' ],
318 silly audit   'builtin-modules': [ '3.3.0' ],
318 silly audit   bytes: [ '3.1.2' ],
318 silly audit   'call-bind': [ '1.0.8' ],
318 silly audit   'call-bind-apply-helpers': [ '1.0.2' ],
318 silly audit   'call-bound': [ '1.0.4' ],
318 silly audit   callsites: [ '3.1.0' ],
318 silly audit   'camel-case': [ '4.1.2' ],
318 silly audit   'camelcase-css': [ '2.0.1' ],
318 silly audit   'caniuse-api': [ '3.0.0' ],
318 silly audit   'caniuse-lite': [ '1.0.30001774' ],
318 silly audit   'case-sensitive-paths-webpack-plugin': [ '2.4.0' ],
318 silly audit   chalk: [ '4.1.2', '2.4.2' ],
318 silly audit   'char-regex': [ '1.0.2', '2.0.2' ],
318 silly audit   'check-types': [ '11.2.3' ],
318 silly audit   chokidar: [ '3.6.0', '4.0.3' ],
318 silly audit   'glob-parent': [ '5.1.2', '6.0.2' ],
318 silly audit   'chrome-trace-event': [ '1.0.4' ],
318 silly audit   'ci-info': [ '3.9.0', '4.4.0' ],
318 silly audit   'cjs-module-lexer': [ '1.4.3' ],
318 silly audit   'clean-css': [ '5.3.3' ],
318 silly audit   cliui: [ '7.0.4', '8.0.1' ],
318 silly audit   'clone-deep': [ '4.0.1' ],
318 silly audit   clsx: [ '2.1.1' ],
318 silly audit   co: [ '4.6.0' ],
318 silly audit   coa: [ '2.0.2' ],
318 silly audit   'color-convert': [ '1.9.3', '2.0.1' ],
318 silly audit   'color-name': [ '1.1.3', '1.1.4' ],
318 silly audit   'escape-string-regexp': [ '1.0.5', '4.0.0', '2.0.0' ],
318 silly audit   'has-flag': [ '3.0.0', '4.0.0' ],
318 silly audit   'supports-color': [ '5.5.0', '8.1.1', '7.2.0' ],
318 silly audit   'collect-v8-coverage': [ '1.0.3' ],
318 silly audit   colord: [ '2.9.3' ],
318 silly audit   colorette: [ '2.0.20' ],
318 silly audit   'combined-stream': [ '1.0.8' ],
318 silly audit   commander: [ '8.3.0', '7.2.0', '4.1.1', '2.20.3' ],
318 silly audit   'common-tags': [ '1.8.2' ],
318 silly audit   commondir: [ '1.0.1' ],
318 silly audit   compressible: [ '2.0.18' ],
318 silly audit   compression: [ '1.8.1' ],
318 silly audit   'compute-scroll-into-view': [ '3.1.1' ],
318 silly audit   'concat-map': [ '0.0.1' ],
318 silly audit   'confusing-browser-globals': [ '1.0.11' ],
318 silly audit   'connect-history-api-fallback': [ '2.0.0' ],
318 silly audit   'connect-pause': [ '0.1.1' ],
318 silly audit   'content-disposition': [ '0.5.4' ],
318 silly audit   'content-type': [ '1.0.5' ],
318 silly audit   cookie: [ '0.7.2', '1.1.1' ],
318 silly audit   'cookie-signature': [ '1.0.7' ],
318 silly audit   'core-js': [ '3.48.0' ],
318 silly audit   'core-js-compat': [ '3.48.0' ],
318 silly audit   'core-js-pure': [ '3.48.0' ],
318 silly audit   'core-util-is': [ '1.0.3' ],
318 silly audit   cors: [ '2.8.6' ],
318 silly audit   cosmiconfig: [ '7.1.0', '6.0.0' ],
318 silly audit   'cosmiconfig-typescript-loader': [ '1.0.9' ],
318 silly audit   'create-require': [ '1.1.1' ],
318 silly audit   'cross-spawn': [ '7.0.6' ],
318 silly audit   'crypto-random-string': [ '2.0.0' ],
318 silly audit   'css-blank-pseudo': [ '3.0.3' ],
318 silly audit   'css-declaration-sorter': [ '6.4.1' ],
318 silly audit   'css-has-pseudo': [ '3.0.4' ],
318 silly audit   'css-loader': [ '6.11.0' ],
318 silly audit   'css-minimizer-webpack-plugin': [ '3.4.1' ],
318 silly audit   'css-prefers-color-scheme': [ '6.0.3' ],
318 silly audit   'css-select': [ '4.3.0', '2.1.0' ],
318 silly audit   'css-select-base-adapter': [ '0.1.1' ],
318 silly audit   'css-tree': [ '1.0.0-alpha.37', '1.1.3' ],
318 silly audit   'css-what': [ '6.2.2', '3.4.2' ],
318 silly audit   'css.escape': [ '1.5.1' ],
318 silly audit   cssdb: [ '7.11.2' ],
318 silly audit   cssesc: [ '3.0.0' ],
318 silly audit   cssnano: [ '5.1.15' ],
318 silly audit   'cssnano-preset-default': [ '5.2.14' ],
318 silly audit   'cssnano-utils': [ '3.1.0' ],
318 silly audit   csso: [ '4.2.0' ],
318 silly audit   'mdn-data': [ '2.0.14', '2.0.4' ],
318 silly audit   cssom: [ '0.4.4', '0.3.8' ],
318 silly audit   cssstyle: [ '2.3.0' ],
318 silly audit   csstype: [ '3.2.3' ],
318 silly audit   'damerau-levenshtein': [ '1.0.8' ],
318 silly audit   'data-urls': [ '2.0.0' ],
318 silly audit   'data-view-buffer': [ '1.0.2' ],
318 silly audit   'data-view-byte-length': [ '1.0.2' ],
318 silly audit   'data-view-byte-offset': [ '1.0.1' ],
318 silly audit   dayjs: [ '1.11.19' ],
318 silly audit   'decimal.js': [ '10.6.0' ],
318 silly audit   dedent: [ '0.7.0' ],
318 silly audit   'deep-is': [ '0.1.4' ],
318 silly audit   deepmerge: [ '4.3.1' ],
318 silly audit   'default-gateway': [ '6.0.3' ],
318 silly audit   'define-data-property': [ '1.1.4' ],
318 silly audit   'define-lazy-prop': [ '2.0.0' ],
318 silly audit   'define-properties': [ '1.2.1' ],
318 silly audit   'delayed-stream': [ '1.0.0' ],
318 silly audit   depd: [ '2.0.0', '1.1.2' ],
318 silly audit   dequal: [ '2.0.3' ],
318 silly audit   destroy: [ '1.2.0' ],
318 silly audit   'detect-newline': [ '3.1.0' ],
318 silly audit   'detect-node': [ '2.1.0' ],
318 silly audit   'detect-port-alt': [ '1.1.6' ],
318 silly audit   didyoumean: [ '1.2.2' ],
318 silly audit   diff: [ '4.0.4' ],
318 silly audit   'diff-sequences': [ '27.5.1' ],
318 silly audit   'dir-glob': [ '3.0.1' ],
318 silly audit   dlv: [ '1.1.3' ],
318 silly audit   'dns-packet': [ '5.6.1' ],
318 silly audit   doctrine: [ '3.0.0', '2.1.0' ],
318 silly audit   'dom-converter': [ '0.2.0' ],
318 silly audit   'dom-serializer': [ '1.4.1', '0.2.2' ],
318 silly audit   domelementtype: [ '2.3.0', '1.3.1' ],
318 silly audit   domexception: [ '2.0.1' ],
318 silly audit   'webidl-conversions': [ '5.0.0', '6.1.0', '4.0.2' ],
318 silly audit   domhandler: [ '4.3.1' ],
318 silly audit   domutils: [ '2.8.0', '1.7.0' ],
318 silly audit   'dot-case': [ '3.0.4' ],
318 silly audit   dotenv: [ '10.0.0' ],
318 silly audit   'dotenv-expand': [ '5.1.0' ],
318 silly audit   'dunder-proto': [ '1.0.1' ],
318 silly audit   duplexer: [ '0.1.2' ],
318 silly audit   echarts: [ '6.0.0' ],
318 silly audit   'echarts-for-react': [ '3.0.6' ],
318 silly audit   tslib: [ '2.3.0', '2.8.1', '1.14.1' ],
318 silly audit   'ee-first': [ '1.1.1' ],
318 silly audit   ejs: [ '3.1.10' ],
318 silly audit   'electron-to-chromium': [ '1.5.302' ],
318 silly audit   emittery: [ '0.8.1', '0.10.2' ],
318 silly audit   'emoji-regex': [ '9.2.2', '8.0.0' ],
318 silly audit   'emojis-list': [ '3.0.0' ],
318 silly audit   encodeurl: [ '2.0.0' ],
318 silly audit   'enhanced-resolve': [ '5.19.0' ],
318 silly audit   entities: [ '2.2.0' ],
318 silly audit   'error-ex': [ '1.3.4' ],
318 silly audit   'error-stack-parser': [ '2.1.4' ],
318 silly audit   errorhandler: [ '1.5.2' ],
318 silly audit   'es-abstract': [ '1.24.1' ],
318 silly audit   'es-array-method-boxes-properly': [ '1.0.0' ],
318 silly audit   'es-define-property': [ '1.0.1' ],
318 silly audit   'es-errors': [ '1.3.0' ],
318 silly audit   'es-iterator-helpers': [ '1.2.2' ],
318 silly audit   'es-module-lexer': [ '2.0.0' ],
318 silly audit   'es-object-atoms': [ '1.1.1' ],
318 silly audit   'es-set-tostringtag': [ '2.1.0' ],
318 silly audit   'es-shim-unscopables': [ '1.1.0' ],
318 silly audit   'es-to-primitive': [ '1.3.0' ],
318 silly audit   escalade: [ '3.2.0' ],
318 silly audit   'escape-html': [ '1.0.3' ],
318 silly audit   escodegen: [ '2.1.0' ],
318 silly audit   eslint: [ '8.57.1' ],
318 silly audit   'eslint-config-react-app': [ '7.0.1' ],
318 silly audit   'eslint-import-resolver-node': [ '0.3.9' ],
318 silly audit   'eslint-module-utils': [ '2.12.1' ],
318 silly audit   'eslint-plugin-flowtype': [ '8.0.3' ],
318 silly audit   'eslint-plugin-import': [ '2.32.0' ],
318 silly audit   'eslint-plugin-jest': [ '25.7.0' ],
318 silly audit   'eslint-plugin-jsx-a11y': [ '6.10.2' ],
318 silly audit   'eslint-plugin-react': [ '7.37.5' ],
318 silly audit   'eslint-plugin-react-hooks': [ '4.6.2' ],
318 silly audit   resolve: [ '2.0.0-next.6', '1.22.11' ],
318 silly audit   'eslint-plugin-testing-library': [ '5.11.1' ],
318 silly audit   'eslint-webpack-plugin': [ '3.2.0' ],
318 silly audit   'jest-worker': [ '28.1.3', '27.5.1', '26.6.2' ],
318 silly audit   'find-up': [ '5.0.0', '4.1.0', '3.0.0' ],
318 silly audit   'locate-path': [ '6.0.0', '5.0.0', '3.0.0' ],
318 silly audit   'p-limit': [ '3.1.0', '2.3.0' ],
318 silly audit   'p-locate': [ '5.0.0', '4.1.0', '3.0.0' ],
318 silly audit   espree: [ '9.6.1' ],
318 silly audit   esprima: [ '4.0.1', '1.2.5' ],
318 silly audit   esquery: [ '1.7.0' ],
318 silly audit   esrecurse: [ '4.3.0' ],
318 silly audit   'estree-walker': [ '1.0.1' ],
318 silly audit   esutils: [ '2.0.3' ],
318 silly audit   etag: [ '1.8.1' ],
318 silly audit   eventemitter3: [ '4.0.7' ],
318 silly audit   events: [ '3.3.0' ],
318 silly audit   execa: [ '5.1.1' ],
318 silly audit   exit: [ '0.1.2' ],
318 silly audit   expect: [ '27.5.1', '30.2.0' ],
318 silly audit   express: [ '4.22.1' ],
318 silly audit   'express-urlrewrite': [ '1.4.0' ],
318 silly audit   isarray: [ '0.0.1', '1.0.0', '2.0.5' ],
318 silly audit   'path-to-regexp': [ '1.9.0', '0.1.12' ],
318 silly audit   'fast-deep-equal': [ '3.1.3' ],
318 silly audit   'fast-glob': [ '3.3.3' ],
318 silly audit   'fast-json-stable-stringify': [ '2.1.0' ],
318 silly audit   'fast-levenshtein': [ '2.0.6' ],
318 silly audit   'fast-uri': [ '3.1.0' ],
318 silly audit   fastq: [ '1.20.1' ],
318 silly audit   'faye-websocket': [ '0.11.4' ],
318 silly audit   'fb-watchman': [ '2.0.2' ],
318 silly audit   'file-entry-cache': [ '6.0.1' ],
318 silly audit   'file-loader': [ '6.2.0' ],
318 silly audit   filelist: [ '1.0.6' ],
318 silly audit   minimatch: [ '5.1.9', '3.1.5' ],
318 silly audit   filesize: [ '8.0.7' ],
318 silly audit   'fill-range': [ '7.1.1' ],
318 silly audit   finalhandler: [ '1.3.2' ],
318 silly audit   'find-cache-dir': [ '3.3.2' ],
318 silly audit   flat: [ '5.0.2' ],
318 silly audit   'flat-cache': [ '3.2.0' ],
318 silly audit   flatted: [ '3.3.3' ],
318 silly audit   'follow-redirects': [ '1.15.11' ],
318 silly audit   'for-each': [ '0.3.5' ],
318 silly audit   'fork-ts-checker-webpack-plugin': [ '6.5.3' ],
318 silly audit   'fs-extra': [ '9.1.0', '10.1.0' ],
318 silly audit   tapable: [ '1.1.3', '2.3.0' ],
318 silly audit   forwarded: [ '0.2.0' ],
318 silly audit   'fraction.js': [ '5.3.4' ],
318 silly audit   fresh: [ '0.5.2' ],
318 silly audit   'fs-monkey': [ '1.1.0' ],
318 silly audit   'fs.realpath': [ '1.0.0' ],
318 silly audit   fsevents: [ '2.3.3' ],
318 silly audit   'function-bind': [ '1.1.2' ],
318 silly audit   'function.prototype.name': [ '1.1.8' ],
318 silly audit   'functions-have-names': [ '1.2.3' ],
318 silly audit   'generator-function': [ '2.0.1' ],
318 silly audit   gensync: [ '1.0.0-beta.2' ],
318 silly audit   'get-caller-file': [ '2.0.5' ],
318 silly audit   'get-intrinsic': [ '1.3.0' ],
318 silly audit   'get-own-enumerable-property-symbols': [ '3.0.2' ],
318 silly audit   'get-package-type': [ '0.1.0' ],
318 silly audit   'get-proto': [ '1.0.1' ],
318 silly audit   'get-stream': [ '6.0.1' ],
318 silly audit   'get-symbol-description': [ '1.1.0' ],
318 silly audit   glob: [ '7.2.3' ],
318 silly audit   'glob-to-regexp': [ '0.4.1' ],
318 silly audit   'global-modules': [ '2.0.0' ],
318 silly audit   'global-prefix': [ '3.0.0' ],
318 silly audit   which: [ '1.3.1', '2.0.2' ],
318 silly audit   globals: [ '13.24.0' ],
318 silly audit   globalthis: [ '1.0.4' ],
318 silly audit   globby: [ '11.1.0' ],
318 silly audit   gopd: [ '1.2.0' ],
318 silly audit   'graceful-fs': [ '4.2.11' ],
318 silly audit   graphemer: [ '1.4.0' ],
318 silly audit   'gzip-size': [ '6.0.0' ],
318 silly audit   'handle-thing': [ '2.0.1' ],
318 silly audit   'harmony-reflect': [ '1.6.2' ],
318 silly audit   'has-bigints': [ '1.1.0' ],
318 silly audit   'has-property-descriptors': [ '1.0.2' ],
318 silly audit   'has-proto': [ '1.2.0' ],
318 silly audit   'has-symbols': [ '1.1.0' ],
318 silly audit   'has-tostringtag': [ '1.0.2' ],
318 silly audit   hasown: [ '2.0.2' ],
318 silly audit   he: [ '1.2.0' ],
318 silly audit   hoopy: [ '0.1.4' ],
318 silly audit   'hpack.js': [ '2.1.6' ],
318 silly audit   'readable-stream': [ '2.3.8', '3.6.2' ],
318 silly audit   string_decoder: [ '1.1.1', '1.3.0' ],
318 silly audit   'html-encoding-sniffer': [ '2.0.1' ],
318 silly audit   'html-entities': [ '2.6.0' ],
318 silly audit   'html-escaper': [ '2.0.2' ],
318 silly audit   'html-minifier-terser': [ '6.1.0' ],
318 silly audit   'html-webpack-plugin': [ '5.6.6' ],
318 silly audit   htmlparser2: [ '6.1.0' ],
318 silly audit   'http-deceiver': [ '1.2.7' ],
318 silly audit   'http-errors': [ '2.0.1', '1.8.1' ],
318 silly audit   'http-parser-js': [ '0.5.10' ],
318 silly audit   'http-proxy': [ '1.18.1' ],
318 silly audit   'http-proxy-agent': [ '4.0.1' ],
318 silly audit   'http-proxy-middleware': [ '2.0.9' ],
318 silly audit   'https-proxy-agent': [ '5.0.1' ],
318 silly audit   'human-signals': [ '2.1.0' ],
318 silly audit   'icss-utils': [ '5.1.0' ],
318 silly audit   idb: [ '7.1.1' ],
318 silly audit   'identity-obj-proxy': [ '3.0.0' ],
318 silly audit   ignore: [ '5.3.2' ],
318 silly audit   immer: [ '9.0.21', '11.1.4' ],
318 silly audit   'import-fresh': [ '3.3.1' ],
318 silly audit   'resolve-from': [ '4.0.0', '5.0.0' ],
318 silly audit   'import-local': [ '3.2.0' ],
318 silly audit   imurmurhash: [ '0.1.4' ],
318 silly audit   'indent-string': [ '4.0.0' ],
318 silly audit   inflight: [ '1.0.6' ],
318 silly audit   inherits: [ '2.0.4' ],
318 silly audit   ini: [ '1.3.8' ],
318 silly audit   'internal-slot': [ '1.1.0' ],
318 silly audit   'ipaddr.js': [ '2.3.0', '1.9.1' ],
318 silly audit   'is-array-buffer': [ '3.0.5' ],
318 silly audit   'is-arrayish': [ '0.2.1' ],
318 silly audit   'is-async-function': [ '2.1.1' ],
318 silly audit   'is-bigint': [ '1.1.0' ],
318 silly audit   'is-binary-path': [ '2.1.0' ],
318 silly audit   'is-boolean-object': [ '1.2.2' ],
318 silly audit   'is-callable': [ '1.2.7' ],
318 silly audit   'is-core-module': [ '2.16.1' ],
318 silly audit   'is-data-view': [ '1.0.2' ],
318 silly audit   'is-date-object': [ '1.1.0' ],
318 silly audit   'is-docker': [ '2.2.1' ],
318 silly audit   'is-extglob': [ '2.1.1' ],
318 silly audit   'is-finalizationregistry': [ '1.1.1' ],
318 silly audit   'is-fullwidth-code-point': [ '3.0.0' ],
318 silly audit   'is-generator-fn': [ '2.1.0' ],
318 silly audit   'is-generator-function': [ '1.1.2' ],
318 silly audit   'is-glob': [ '4.0.3' ],
318 silly audit   'is-map': [ '2.0.3' ],
318 silly audit   'is-mobile': [ '5.0.0' ],
318 silly audit   'is-module': [ '1.0.0' ],
318 silly audit   'is-negative-zero': [ '2.0.3' ],
318 silly audit   'is-number': [ '7.0.0' ],
318 silly audit   'is-number-object': [ '1.1.1' ],
318 silly audit   'is-obj': [ '1.0.1' ],
318 silly audit   'is-path-inside': [ '3.0.3' ],
318 silly audit   'is-plain-obj': [ '3.0.0' ],
318 silly audit   'is-plain-object': [ '2.0.4' ],
318 silly audit   'is-potential-custom-element-name': [ '1.0.1' ],
318 silly audit   'is-promise': [ '2.2.2' ],
318 silly audit   'is-regex': [ '1.2.1' ],
318 silly audit   'is-regexp': [ '1.0.0' ],
318 silly audit   'is-root': [ '2.1.0' ],
318 silly audit   'is-set': [ '2.0.3' ],
318 silly audit   'is-shared-array-buffer': [ '1.0.4' ],
318 silly audit   'is-stream': [ '2.0.1' ],
318 silly audit   'is-string': [ '1.1.1' ],
318 silly audit   'is-symbol': [ '1.1.1' ],
318 silly audit   'is-typed-array': [ '1.1.15' ],
318 silly audit   'is-typedarray': [ '1.0.0' ],
318 silly audit   'is-weakmap': [ '2.0.2' ],
318 silly audit   'is-weakref': [ '1.1.1' ],
318 silly audit   'is-weakset': [ '2.0.4' ],
318 silly audit   'is-wsl': [ '2.2.0' ],
318 silly audit   isexe: [ '2.0.0' ],
318 silly audit   isobject: [ '3.0.1' ],
318 silly audit   'istanbul-lib-coverage': [ '3.2.2' ],
318 silly audit   'istanbul-lib-instrument': [ '5.2.1' ],
318 silly audit   'istanbul-lib-report': [ '3.0.1' ],
318 silly audit   'make-dir': [ '4.0.0', '3.1.0' ],
318 silly audit   'istanbul-lib-source-maps': [ '4.0.1' ],
318 silly audit   'istanbul-reports': [ '3.2.0' ],
318 silly audit   'iterator.prototype': [ '1.1.5' ],
318 silly audit   jake: [ '10.9.4' ],
318 silly audit   jest: [ '27.5.1' ],
318 silly audit   'jest-changed-files': [ '27.5.1' ],
318 silly audit   'jest-circus': [ '27.5.1' ],
318 silly audit   'jest-cli': [ '27.5.1' ],
318 silly audit   'jest-config': [ '27.5.1' ],
318 silly audit   'jest-diff': [ '27.5.1', '30.2.0' ],
318 silly audit   'jest-docblock': [ '27.5.1' ],
318 silly audit   'jest-each': [ '27.5.1' ],
318 silly audit   'jest-environment-jsdom': [ '27.5.1' ],
318 silly audit   'jest-environment-node': [ '27.5.1' ],
318 silly audit   'jest-get-type': [ '27.5.1' ],
318 silly audit   'jest-haste-map': [ '27.5.1' ],
318 silly audit   'jest-jasmine2': [ '27.5.1' ],
318 silly audit   'jest-leak-detector': [ '27.5.1' ],
318 silly audit   'jest-matcher-utils': [ '27.5.1', '30.2.0' ],
318 silly audit   'jest-message-util': [ '27.5.1', '28.1.3', '30.2.0' ],
318 silly audit   'jest-mock': [ '27.5.1', '30.2.0' ],
318 silly audit   'jest-pnp-resolver': [ '1.2.3' ],
318 silly audit   'jest-regex-util': [ '27.5.1', '28.0.2', '30.0.1' ],
318 silly audit   'jest-resolve': [ '27.5.1' ],
318 silly audit   'jest-resolve-dependencies': [ '27.5.1' ],
318 silly audit   'jest-runner': [ '27.5.1' ],
318 silly audit   'jest-runtime': [ '27.5.1' ],
318 silly audit   'jest-serializer': [ '27.5.1' ],
318 silly audit   'jest-snapshot': [ '27.5.1' ],
318 silly audit   'jest-util': [ '27.5.1', '28.1.3', '30.2.0' ],
318 silly audit   'jest-validate': [ '27.5.1' ],
318 silly audit   'jest-watch-typeahead': [ '1.1.0' ],
318 silly audit   slash: [ '3.0.0', '4.0.0' ],
318 silly audit   'jest-watcher': [ '28.1.3', '27.5.1' ],
318 silly audit   'string-length': [ '4.0.2', '5.0.1' ],
318 silly audit   'strip-ansi': [ '6.0.1', '7.1.2' ],
318 silly audit   'pretty-format': [ '28.1.3', '27.5.1', '30.2.0' ],
318 silly audit   jiti: [ '1.21.7' ],
318 silly audit   jju: [ '1.4.0' ],
318 silly audit   'js-tokens': [ '4.0.0' ],
318 silly audit   jsdom: [ '16.7.0' ],
318 silly audit   jsesc: [ '3.1.0' ],
318 silly audit   'json-buffer': [ '3.0.1' ],
318 silly audit   'json-parse-even-better-errors': [ '2.3.1' ],
318 silly audit   'json-parse-helpfulerror': [ '1.0.3' ],
318 silly audit   'json-schema': [ '0.4.0' ],
318 silly audit   'json-server': [ '0.17.4' ],
318 silly audit   yargs: [ '17.7.2', '16.2.0' ],
318 silly audit   'yargs-parser': [ '21.1.1', '20.2.9' ],
318 silly audit   'json-stable-stringify-without-jsonify': [ '1.0.1' ],
318 silly audit   json2mq: [ '0.2.0' ],
318 silly audit   json5: [ '2.2.3', '1.0.2' ],
318 silly audit   jsonfile: [ '6.2.0' ],
318 silly audit   jsonpath: [ '1.2.1' ],
318 silly audit   jsonpointer: [ '5.0.1' ],
318 silly audit   'jsx-ast-utils': [ '3.3.5' ],
318 silly audit   keyv: [ '4.5.4' ],
318 silly audit   'kind-of': [ '6.0.3' ],
318 silly audit   kleur: [ '3.0.3' ],
318 silly audit   klona: [ '2.0.6' ],
318 silly audit   'language-subtag-registry': [ '0.3.23' ],
318 silly audit   'language-tags': [ '1.0.9' ],
318 silly audit   'launch-editor': [ '2.13.1' ],
318 silly audit   leven: [ '3.1.0' ],
318 silly audit   levn: [ '0.4.1' ],
318 silly audit   lilconfig: [ '2.1.0', '3.1.3' ],
318 silly audit   'lines-and-columns': [ '1.2.4' ],
318 silly audit   'loader-runner': [ '4.3.1' ],
318 silly audit   'loader-utils': [ '2.0.4', '3.3.1' ],
318 silly audit   lodash: [ '4.17.23' ],
318 silly audit   'lodash-id': [ '0.14.1' ],
318 silly audit   'lodash.debounce': [ '4.0.8' ],
318 silly audit   'lodash.memoize': [ '4.1.2' ],
318 silly audit   'lodash.merge': [ '4.6.2' ],
318 silly audit   'lodash.sortby': [ '4.7.0' ],
318 silly audit   'lodash.uniq': [ '4.5.0' ],
318 silly audit   'loose-envify': [ '1.4.0' ],
318 silly audit   lowdb: [ '1.0.0' ],
318 silly audit   pify: [ '3.0.0', '2.3.0' ],
318 silly audit   'lower-case': [ '2.0.2' ],
318 silly audit   'lru-cache': [ '5.1.1' ],
318 silly audit   'lucide-react': [ '0.575.0' ],
318 silly audit   'lz-string': [ '1.5.0' ],
318 silly audit   'magic-string': [ '0.25.9' ],
318 silly audit   'make-error': [ '1.3.6' ],
318 silly audit   makeerror: [ '1.0.12' ],
318 silly audit   'math-intrinsics': [ '1.1.0' ],
318 silly audit   'media-typer': [ '0.3.0' ],
318 silly audit   memfs: [ '3.5.3' ],
318 silly audit   'merge-descriptors': [ '1.0.3' ],
318 silly audit   'merge-stream': [ '2.0.0' ],
318 silly audit   merge2: [ '1.4.1' ],
318 silly audit   'method-override': [ '3.0.0' ],
318 silly audit   methods: [ '1.1.2' ],
318 silly audit   micromatch: [ '4.0.8' ],
318 silly audit   mime: [ '1.6.0' ],
318 silly audit   'mime-db': [ '1.52.0' ],
318 silly audit   'mime-types': [ '2.1.35' ],
318 silly audit   'mimic-fn': [ '2.1.0' ],
318 silly audit   'min-indent': [ '1.0.1' ],
318 silly audit   'mini-css-extract-plugin': [ '2.10.0' ],
318 silly audit   'minimalistic-assert': [ '1.0.1' ],
318 silly audit   minimist: [ '1.2.8' ],
318 silly audit   mkdirp: [ '0.5.6' ],
318 silly audit   morgan: [ '1.10.1' ],
318 silly audit   'on-finished': [ '2.3.0', '2.4.1' ],
318 silly audit   'multicast-dns': [ '7.2.5' ],
318 silly audit   mz: [ '2.7.0' ],
318 silly audit   nanoid: [ '3.3.11' ],
318 silly audit   'natural-compare': [ '1.4.0' ],
318 silly audit   'natural-compare-lite': [ '1.4.0' ],
318 silly audit   'neo-async': [ '2.6.2' ],
318 silly audit   'no-case': [ '3.0.4' ],
318 silly audit   'node-exports-info': [ '1.6.0' ],
318 silly audit   'node-forge': [ '1.3.3' ],
318 silly audit   'node-int64': [ '0.4.0' ],
318 silly audit   'node-releases': [ '2.0.27' ],
318 silly audit   'normalize-path': [ '3.0.0' ],
318 silly audit   'normalize-url': [ '6.1.0' ],
318 silly audit   'npm-run-path': [ '4.0.1' ],
318 silly audit   'nth-check': [ '2.1.1', '1.0.2' ],
318 silly audit   nwsapi: [ '2.2.23' ],
318 silly audit   'object-assign': [ '4.1.1' ],
318 silly audit   'object-hash': [ '3.0.0' ],
318 silly audit   'object-inspect': [ '1.13.4' ],
318 silly audit   'object-keys': [ '1.1.1' ],
318 silly audit   'object.assign': [ '4.1.7' ],
318 silly audit   'object.entries': [ '1.1.9' ],
318 silly audit   'object.fromentries': [ '2.0.8' ],
318 silly audit   'object.getownpropertydescriptors': [ '2.1.9' ],
318 silly audit   'object.groupby': [ '1.0.3' ],
318 silly audit   'object.values': [ '1.2.1' ],
318 silly audit   obuf: [ '1.1.2' ],
318 silly audit   'on-headers': [ '1.1.0' ],
318 silly audit   once: [ '1.4.0' ],
318 silly audit   onetime: [ '5.1.2' ],
318 silly audit   open: [ '8.4.2' ],
318 silly audit   optionator: [ '0.9.4' ],
318 silly audit   'own-keys': [ '1.0.1' ],
318 silly audit   'p-retry': [ '4.6.2' ],
318 silly audit   'p-try': [ '2.2.0' ],
318 silly audit   'param-case': [ '3.0.4' ],
318 silly audit   'parent-module': [ '1.0.1' ],
318 silly audit   'parse-json': [ '5.2.0' ],
318 silly audit   parse5: [ '6.0.1' ],
318 silly audit   parseurl: [ '1.3.3' ],
318 silly audit   'pascal-case': [ '3.1.2' ],
318 silly audit   'path-exists': [ '4.0.0', '3.0.0' ],
318 silly audit   'path-is-absolute': [ '1.0.1' ],
318 silly audit   'path-key': [ '3.1.1' ],
318 silly audit   'path-parse': [ '1.0.7' ],
318 silly audit   'path-type': [ '4.0.0' ],
318 silly audit   'performance-now': [ '2.1.0' ],
318 silly audit   picocolors: [ '1.1.1', '0.2.1' ],
318 silly audit   picomatch: [ '2.3.1', '4.0.3' ],
318 silly audit   pirates: [ '4.0.7' ],
318 silly audit   'pkg-dir': [ '4.2.0' ],
318 silly audit   'pkg-up': [ '3.1.0' ],
318 silly audit   'please-upgrade-node': [ '3.2.0' ],
318 silly audit   pluralize: [ '8.0.0' ],
318 silly audit   'possible-typed-array-names': [ '1.1.0' ],
318 silly audit   postcss: [ '8.5.6', '7.0.39' ],
318 silly audit   'postcss-attribute-case-insensitive': [ '5.0.2' ],
318 silly audit   'postcss-browser-comments': [ '4.0.0' ],
318 silly audit   'postcss-calc': [ '8.2.4' ],
318 silly audit   'postcss-clamp': [ '4.1.0' ],
318 silly audit   'postcss-color-functional-notation': [ '4.2.4' ],
318 silly audit   'postcss-color-hex-alpha': [ '8.0.4' ],
318 silly audit   'postcss-color-rebeccapurple': [ '7.1.1' ],
318 silly audit   'postcss-colormin': [ '5.3.1' ],
318 silly audit   'postcss-convert-values': [ '5.1.3' ],
318 silly audit   'postcss-custom-media': [ '8.0.2' ],
318 silly audit   'postcss-custom-properties': [ '12.1.11' ],
318 silly audit   'postcss-custom-selectors': [ '6.0.3' ],
318 silly audit   'postcss-dir-pseudo-class': [ '6.0.5' ],
318 silly audit   'postcss-discard-comments': [ '5.1.2' ],
318 silly audit   'postcss-discard-duplicates': [ '5.1.0' ],
318 silly audit   'postcss-discard-empty': [ '5.1.1' ],
318 silly audit   'postcss-discard-overridden': [ '5.1.0' ],
318 silly audit   'postcss-double-position-gradients': [ '3.1.2' ],
318 silly audit   'postcss-env-function': [ '4.0.6' ],
318 silly audit   'postcss-flexbugs-fixes': [ '5.0.2' ],
318 silly audit   'postcss-focus-visible': [ '6.0.4' ],
318 silly audit   'postcss-focus-within': [ '5.0.4' ],
318 silly audit   'postcss-font-variant': [ '5.0.0' ],
318 silly audit   'postcss-gap-properties': [ '3.0.5' ],
318 silly audit   'postcss-image-set-function': [ '4.0.7' ],
318 silly audit   'postcss-import': [ '15.1.0' ],
318 silly audit   'postcss-initial': [ '4.0.1' ],
318 silly audit   'postcss-js': [ '4.1.0' ],
318 silly audit   'postcss-lab-function': [ '4.2.1' ],
318 silly audit   'postcss-loader': [ '6.2.1' ],
318 silly audit   'postcss-logical': [ '5.0.4' ],
318 silly audit   'postcss-media-minmax': [ '5.0.0' ],
318 silly audit   'postcss-merge-longhand': [ '5.1.7' ],
318 silly audit   'postcss-merge-rules': [ '5.1.4' ],
318 silly audit   'postcss-minify-font-values': [ '5.1.0' ],
318 silly audit   'postcss-minify-gradients': [ '5.1.1' ],
318 silly audit   'postcss-minify-params': [ '5.1.4' ],
318 silly audit   'postcss-minify-selectors': [ '5.2.1' ],
318 silly audit   'postcss-modules-extract-imports': [ '3.1.0' ],
318 silly audit   'postcss-modules-local-by-default': [ '4.2.0' ],
318 silly audit   'postcss-selector-parser': [ '7.1.1', '6.1.2' ],
318 silly audit   'postcss-modules-scope': [ '3.2.1' ],
318 silly audit   'postcss-modules-values': [ '4.0.0' ],
318 silly audit   'postcss-nested': [ '6.2.0' ],
318 silly audit   'postcss-nesting': [ '10.2.0' ],
318 silly audit   'postcss-normalize': [ '10.0.1' ],
318 silly audit   'postcss-normalize-charset': [ '5.1.0' ],
318 silly audit   'postcss-normalize-display-values': [ '5.1.0' ],
318 silly audit   'postcss-normalize-positions': [ '5.1.1' ],
318 silly audit   'postcss-normalize-repeat-style': [ '5.1.1' ],
318 silly audit   'postcss-normalize-string': [ '5.1.0' ],
318 silly audit   'postcss-normalize-timing-functions': [ '5.1.0' ],
318 silly audit   'postcss-normalize-unicode': [ '5.1.1' ],
318 silly audit   'postcss-normalize-url': [ '5.1.0' ],
318 silly audit   'postcss-normalize-whitespace': [ '5.1.1' ],
318 silly audit   'postcss-opacity-percentage': [ '1.1.3' ],
318 silly audit   'postcss-ordered-values': [ '5.1.3' ],
318 silly audit   'postcss-overflow-shorthand': [ '3.0.4' ],
318 silly audit   'postcss-page-break': [ '3.0.4' ],
318 silly audit   'postcss-place': [ '7.0.5' ],
318 silly audit   'postcss-preset-env': [ '7.8.3' ],
318 silly audit   'postcss-pseudo-class-any-link': [ '7.1.6' ],
318 silly audit   'postcss-reduce-initial': [ '5.1.2' ],
318 silly audit   'postcss-reduce-transforms': [ '5.1.0' ],
318 silly audit   'postcss-replace-overflow-wrap': [ '4.0.0' ],
318 silly audit   'postcss-selector-not': [ '6.0.1' ],
318 silly audit   'postcss-svgo': [ '5.1.0' ],
318 silly audit   svgo: [ '2.8.0', '1.3.2' ],
318 silly audit   'postcss-unique-selectors': [ '5.1.1' ],
318 silly audit   'postcss-value-parser': [ '4.2.0' ],
318 silly audit   'prelude-ls': [ '1.2.1' ],
318 silly audit   'pretty-bytes': [ '5.6.0' ],
318 silly audit   'pretty-error': [ '4.0.0' ],
318 silly audit   'process-nextick-args': [ '2.0.1' ],
318 silly audit   promise: [ '8.3.0' ],
318 silly audit   prompts: [ '2.4.2' ],
318 silly audit   'prop-types': [ '15.8.1' ],
318 silly audit   'proxy-addr': [ '2.0.7' ],
318 silly audit   'proxy-from-env': [ '1.1.0' ],
318 silly audit   psl: [ '1.15.0' ],
318 silly audit   punycode: [ '2.3.1' ],
318 silly audit   q: [ '1.5.1' ],
318 silly audit   qs: [ '6.14.2' ],
318 silly audit   querystringify: [ '2.2.0' ],
318 silly audit   'queue-microtask': [ '1.2.3' ],
318 silly audit   raf: [ '3.4.1' ],
318 silly audit   randombytes: [ '2.1.0' ],
318 silly audit   'range-parser': [ '1.2.1' ],
318 silly audit   'raw-body': [ '2.5.3' ],
318 silly audit   react: [ '19.2.4' ],
318 silly audit   'react-app-polyfill': [ '3.0.0' ],
318 silly audit   'react-dev-utils': [ '12.0.1' ],
318 silly audit   'react-dom': [ '19.2.4' ],
318 silly audit   'react-error-overlay': [ '6.1.0' ],
318 silly audit   'react-refresh': [ '0.11.0' ],
318 silly audit   'react-router': [ '7.13.1' ],
318 silly audit   'react-router-dom': [ '7.13.1' ],
318 silly audit   'react-scripts': [ '5.0.1' ],
318 silly audit   'read-cache': [ '1.0.0' ],
318 silly audit   readdirp: [ '3.6.0', '4.1.2' ],
318 silly audit   'recursive-readdir': [ '2.2.3' ],
318 silly audit   redent: [ '3.0.0' ],
318 silly audit   'reflect.getprototypeof': [ '1.0.10' ],
318 silly audit   regenerate: [ '1.4.2' ],
318 silly audit   'regenerate-unicode-properties': [ '10.2.2' ],
318 silly audit   'regenerator-runtime': [ '0.13.11' ],
318 silly audit   'regex-parser': [ '2.3.1' ],
318 silly audit   'regexp.prototype.flags': [ '1.5.4' ],
318 silly audit   'regexpu-core': [ '6.4.0' ],
318 silly audit   regjsgen: [ '0.8.0' ],
318 silly audit   regjsparser: [ '0.13.0' ],
318 silly audit   relateurl: [ '0.2.7' ],
318 silly audit   renderkid: [ '3.0.0' ],
318 silly audit   'require-directory': [ '2.1.1' ],
318 silly audit   'require-from-string': [ '2.0.2' ],
318 silly audit   'requires-port': [ '1.0.0' ],
318 silly audit   'resolve-cwd': [ '3.0.0' ],
318 silly audit   'resolve-url-loader': [ '4.0.0' ],
318 silly audit   'resolve.exports': [ '1.1.1' ],
318 silly audit   retry: [ '0.13.1' ],
318 silly audit   reusify: [ '1.1.0' ],
318 silly audit   rimraf: [ '3.0.2' ],
318 silly audit   rollup: [ '2.80.0' ],
318 silly audit   'rollup-plugin-terser': [ '7.0.2' ],
318 silly audit   'serialize-javascript': [ '4.0.0', '6.0.2' ],
318 silly audit   'run-parallel': [ '1.2.0' ],
318 silly audit   'safe-array-concat': [ '1.1.3' ],
318 silly audit   'safe-push-apply': [ '1.0.0' ],
318 silly audit   'safe-regex-test': [ '1.1.0' ],
318 silly audit   'safer-buffer': [ '2.1.2' ],
318 silly audit   'sanitize.css': [ '13.0.0' ],
318 silly audit   'sass-loader': [ '12.6.0' ],
318 silly audit   sax: [ '1.2.4' ],
318 silly audit   saxes: [ '5.0.1' ],
318 silly audit   scheduler: [ '0.27.0' ],
318 silly audit   'scroll-into-view-if-needed': [ '3.1.0' ],
318 silly audit   'select-hose': [ '2.0.0' ],
318 silly audit   selfsigned: [ '2.4.1' ],
318 silly audit   'semver-compare': [ '1.0.0' ],
318 silly audit   send: [ '0.19.2' ],
318 silly audit   'serve-index': [ '1.9.2' ],
318 silly audit   statuses: [ '1.5.0', '2.0.2' ],
318 silly audit   'serve-static': [ '1.16.3' ],
318 silly audit   'server-destroy': [ '1.0.1' ],
318 silly audit   'set-cookie-parser': [ '2.7.2' ],
318 silly audit   'set-function-length': [ '1.2.2' ],
318 silly audit   'set-function-name': [ '2.0.2' ],
318 silly audit   'set-proto': [ '1.0.0' ],
318 silly audit   setprototypeof: [ '1.2.0' ],
318 silly audit   'shallow-clone': [ '3.0.1' ],
318 silly audit   'shebang-command': [ '2.0.0' ],
318 silly audit   'shebang-regex': [ '3.0.0' ],
318 silly audit   'shell-quote': [ '1.8.3' ],
318 silly audit   'side-channel': [ '1.1.0' ],
318 silly audit   'side-channel-list': [ '1.0.0' ],
318 silly audit   'side-channel-map': [ '1.0.1' ],
318 silly audit   'side-channel-weakmap': [ '1.0.2' ],
318 silly audit   'signal-exit': [ '3.0.7' ],
318 silly audit   sisteransi: [ '1.0.5' ],
318 silly audit   'size-sensor': [ '1.0.3' ],
318 silly audit   sockjs: [ '0.3.24' ],
318 silly audit   'source-list-map': [ '2.0.1' ],
318 silly audit   'source-map-js': [ '1.2.1' ],
318 silly audit   'source-map-loader': [ '3.0.2' ],
318 silly audit   'source-map-support': [ '0.5.21' ],
318 silly audit   'sourcemap-codec': [ '1.4.8' ],
318 silly audit   spdy: [ '4.0.2' ],
318 silly audit   'spdy-transport': [ '3.0.0' ],
318 silly audit   'sprintf-js': [ '1.0.3' ],
318 silly audit   stable: [ '0.1.8' ],
318 silly audit   'stack-utils': [ '2.0.6' ],
318 silly audit   stackframe: [ '1.3.4' ],
318 silly audit   'static-eval': [ '2.1.1' ],
318 silly audit   steno: [ '0.4.4' ],
318 silly audit   'stop-iteration-iterator': [ '1.1.0' ],
318 silly audit   'string-convert': [ '0.2.1' ],
318 silly audit   'string-natural-compare': [ '3.0.1' ],
318 silly audit   'string-width': [ '4.2.3' ],
318 silly audit   'string.prototype.includes': [ '2.0.1' ],
318 silly audit   'string.prototype.matchall': [ '4.0.12' ],
318 silly audit   'string.prototype.repeat': [ '1.0.0' ],
318 silly audit   'string.prototype.trim': [ '1.2.10' ],
318 silly audit   'string.prototype.trimend': [ '1.0.9' ],
318 silly audit   'string.prototype.trimstart': [ '1.0.8' ],
318 silly audit   'stringify-object': [ '3.3.0' ],
318 silly audit   'strip-bom': [ '4.0.0', '3.0.0' ],
318 silly audit   'strip-comments': [ '2.0.1' ],
318 silly audit   'strip-final-newline': [ '2.0.0' ],
318 silly audit   'strip-indent': [ '3.0.0' ],
318 silly audit   'strip-json-comments': [ '3.1.1' ],
318 silly audit   'style-loader': [ '3.3.4' ],
318 silly audit   stylehacks: [ '5.1.1' ],
318 silly audit   stylis: [ '4.3.6' ],
318 silly audit   sucrase: [ '3.35.1' ],
318 silly audit   'supports-hyperlinks': [ '2.3.0' ],
318 silly audit   'supports-preserve-symlinks-flag': [ '1.0.0' ],
318 silly audit   'svg-parser': [ '2.0.4' ],
318 silly audit   'symbol-tree': [ '3.2.4' ],
318 silly audit   tailwindcss: [ '3.4.19' ],
318 silly audit   'postcss-load-config': [ '6.0.1' ],
318 silly audit   yaml: [ '2.8.2', '1.10.2' ],
318 silly audit   'temp-dir': [ '2.0.0' ],
318 silly audit   tempy: [ '0.6.0' ],
318 silly audit   'terminal-link': [ '2.1.1' ],
318 silly audit   terser: [ '5.46.0' ],
318 silly audit   'terser-webpack-plugin': [ '5.3.16' ],
318 silly audit   'test-exclude': [ '6.0.0' ],
318 silly audit   'text-table': [ '0.2.0' ],
318 silly audit   thenify: [ '3.3.1' ],
318 silly audit   'thenify-all': [ '1.6.0' ],
318 silly audit   throat: [ '6.0.2' ],
318 silly audit   'throttle-debounce': [ '5.0.2' ],
318 silly audit   thunky: [ '1.1.0' ],
318 silly audit   tinyglobby: [ '0.2.15' ],
318 silly audit   fdir: [ '6.5.0' ],
318 silly audit   tmpl: [ '1.0.5' ],
318 silly audit   'to-regex-range': [ '5.0.1' ],
318 silly audit   toidentifier: [ '1.0.1' ],
318 silly audit   'tough-cookie': [ '4.1.4' ],
318 silly audit   universalify: [ '0.2.0', '2.0.1' ],
318 silly audit   tr46: [ '2.1.0', '1.0.1' ],
318 silly audit   tryer: [ '1.0.1' ],
318 silly audit   'ts-interface-checker': [ '0.1.13' ],
318 silly audit   'ts-node': [ '10.9.2' ],
318 silly audit   'tsconfig-paths': [ '3.15.0' ],
318 silly audit   tsutils: [ '3.21.0' ],
318 silly audit   'type-check': [ '0.4.0' ],
318 silly audit   'type-detect': [ '4.0.8' ],
318 silly audit   'type-is': [ '1.6.18' ],
318 silly audit   'typed-array-buffer': [ '1.0.3' ],
318 silly audit   'typed-array-byte-length': [ '1.0.3' ],
318 silly audit   'typed-array-byte-offset': [ '1.0.4' ],
318 silly audit   'typed-array-length': [ '1.0.7' ],
318 silly audit   'typedarray-to-buffer': [ '3.1.5' ],
318 silly audit   'unbox-primitive': [ '1.1.0' ],
318 silly audit   underscore: [ '1.13.6' ],
318 silly audit   'undici-types': [ '7.18.2' ],
318 silly audit   'unicode-canonical-property-names-ecmascript': [ '2.0.1' ],
318 silly audit   'unicode-match-property-ecmascript': [ '2.0.0' ],
318 silly audit   'unicode-match-property-value-ecmascript': [ '2.2.1' ],
318 silly audit   'unicode-property-aliases-ecmascript': [ '2.2.0' ],
318 silly audit   'unique-string': [ '2.0.0' ],
318 silly audit   unpipe: [ '1.0.0' ],
318 silly audit   unquote: [ '1.1.1' ],
318 silly audit   upath: [ '1.2.0' ],
318 silly audit   'update-browserslist-db': [ '1.2.3' ],
318 silly audit   'uri-js': [ '4.4.1' ],
318 silly audit   'url-parse': [ '1.5.10' ],
318 silly audit   'util-deprecate': [ '1.0.2' ],
318 silly audit   'util.promisify': [ '1.0.1' ],
318 silly audit   utila: [ '0.4.0' ],
318 silly audit   'utils-merge': [ '1.0.1' ],
318 silly audit   uuid: [ '8.3.2' ],
318 silly audit   'v8-compile-cache-lib': [ '3.0.1' ],
318 silly audit   'v8-to-istanbul': [ '8.1.1' ],
318 silly audit   vary: [ '1.1.2' ],
318 silly audit   'w3c-hr-time': [ '1.0.2' ],
318 silly audit   'w3c-xmlserializer': [ '2.0.0' ],
318 silly audit   walker: [ '1.0.8' ],
318 silly audit   watchpack: [ '2.5.1' ],
318 silly audit   wbuf: [ '1.7.3' ],
318 silly audit   'web-vitals': [ '2.1.4' ],
318 silly audit   webpack: [ '5.105.2' ],
318 silly audit   'webpack-dev-middleware': [ '5.3.4' ],
318 silly audit   'webpack-dev-server': [ '4.15.2' ],
318 silly audit   ws: [ '8.19.0', '7.5.10' ],
318 silly audit   'webpack-manifest-plugin': [ '4.1.1' ],
318 silly audit   'webpack-sources': [ '2.3.1', '3.3.4', '1.4.3' ],
318 silly audit   'webpack-merge': [ '5.10.0' ],
318 silly audit   'websocket-driver': [ '0.7.4' ],
318 silly audit   'websocket-extensions': [ '0.1.4' ],
318 silly audit   'whatwg-encoding': [ '1.0.5' ],
318 silly audit   'whatwg-fetch': [ '3.6.20' ],
318 silly audit   'whatwg-mimetype': [ '2.3.0' ],
318 silly audit   'whatwg-url': [ '8.7.0', '7.1.0' ],
318 silly audit   'which-boxed-primitive': [ '1.1.1' ],
318 silly audit   'which-builtin-type': [ '1.2.1' ],
318 silly audit   'which-collection': [ '1.0.2' ],
318 silly audit   'which-typed-array': [ '1.1.20' ],
318 silly audit   wildcard: [ '2.0.1' ],
318 silly audit   'word-wrap': [ '1.2.5' ],
318 silly audit   'workbox-background-sync': [ '6.6.0' ],
318 silly audit   'workbox-broadcast-update': [ '6.6.0' ],
318 silly audit   'workbox-build': [ '6.6.0' ],
318 silly audit   '@apideck/better-ajv-errors': [ '0.3.6' ],
318 silly audit   'workbox-cacheable-response': [ '6.6.0' ],
318 silly audit   'workbox-core': [ '6.6.0' ],
318 silly audit   'workbox-expiration': [ '6.6.0' ],
318 silly audit   'workbox-google-analytics': [ '6.6.0' ],
318 silly audit   'workbox-navigation-preload': [ '6.6.0' ],
318 silly audit   'workbox-precaching': [ '6.6.0' ],
318 silly audit   'workbox-range-requests': [ '6.6.0' ],
318 silly audit   'workbox-recipes': [ '6.6.0' ],
318 silly audit   'workbox-routing': [ '6.6.0' ],
318 silly audit   'workbox-strategies': [ '6.6.0' ],
318 silly audit   'workbox-streams': [ '6.6.0' ],
318 silly audit   'workbox-sw': [ '6.6.0' ],
318 silly audit   'workbox-webpack-plugin': [ '6.6.0' ],
318 silly audit   'workbox-window': [ '6.6.0' ],
318 silly audit   'wrap-ansi': [ '7.0.0' ],
318 silly audit   wrappy: [ '1.0.2' ],
318 silly audit   'write-file-atomic': [ '3.0.3' ],
318 silly audit   'xml-name-validator': [ '3.0.0' ],
318 silly audit   xmlchars: [ '2.2.0' ],
318 silly audit   y18n: [ '5.0.8' ],
318 silly audit   yallist: [ '3.1.1' ],
318 silly audit   yn: [ '3.1.1' ],
318 silly audit   'yocto-queue': [ '0.1.0' ],
318 silly audit   zrender: [ '6.0.0' ],
318 silly audit   '@reduxjs/toolkit': [ '2.11.2' ],
318 silly audit   '@types/jest': [ '30.0.0' ],
318 silly audit   '@types/node': [ '25.3.2' ],
318 silly audit   '@types/react': [ '19.2.14' ],
318 silly audit   '@types/react-dom': [ '19.2.3' ],
318 silly audit   'react-redux': [ '9.2.0' ],
318 silly audit   sass: [ '1.97.3' ],
318 silly audit   typescript: [ '5.9.3' ],
318 silly audit   '@standard-schema/spec': [ '1.1.0' ],
318 silly audit   '@standard-schema/utils': [ '0.3.0' ],
318 silly audit   redux: [ '5.0.1' ],
318 silly audit   'redux-thunk': [ '3.1.0' ],
318 silly audit   reselect: [ '5.1.1' ],
318 silly audit   '@types/use-sync-external-store': [ '0.0.6' ],
318 silly audit   'use-sync-external-store': [ '1.6.0' ],
318 silly audit   '@parcel/watcher': [ '2.5.6' ],
318 silly audit   immutable: [ '5.1.4' ],
318 silly audit   '@parcel/watcher-android-arm64': [ '2.5.6' ],
318 silly audit   '@parcel/watcher-darwin-arm64': [ '2.5.6' ],
318 silly audit   '@parcel/watcher-darwin-x64': [ '2.5.6' ],
318 silly audit   '@parcel/watcher-freebsd-x64': [ '2.5.6' ],
318 silly audit   '@parcel/watcher-linux-arm-glibc': [ '2.5.6' ],
318 silly audit   '@parcel/watcher-linux-arm-musl': [ '2.5.6' ],
318 silly audit   '@parcel/watcher-linux-arm64-glibc': [ '2.5.6' ],
318 silly audit   '@parcel/watcher-linux-arm64-musl': [ '2.5.6' ],
318 silly audit   '@parcel/watcher-linux-x64-glibc': [ '2.5.6' ],
318 silly audit   '@parcel/watcher-linux-x64-musl': [ '2.5.6' ],
318 silly audit   '@parcel/watcher-win32-arm64': [ '2.5.6' ],
318 silly audit   '@parcel/watcher-win32-ia32': [ '2.5.6' ],
318 silly audit   '@parcel/watcher-win32-x64': [ '2.5.6' ],
318 silly audit   'detect-libc': [ '2.1.2' ],
318 silly audit   'node-addon-api': [ '7.1.1' ],
318 silly audit   '@jest/expect-utils': [ '30.2.0' ],
318 silly audit   '@jest/get-type': [ '30.1.0' ],
318 silly audit   '@jest/diff-sequences': [ '30.0.1' ],
318 silly audit   '@jest/pattern': [ '30.0.1' ]
318 silly audit }
319 verbose reify failed optional dependency D:\Atopos\software_project\vscode_project\GitHub\task-master\node_modules\@parcel\watcher-win32-ia32
320 silly reify mark deleted [
320 silly reify   'D:\\Atopos\\software_project\\vscode_project\\GitHub\\task-master\\node_modules\\@parcel\\watcher-win32-ia32'
320 silly reify ]
321 verbose reify failed optional dependency D:\Atopos\software_project\vscode_project\GitHub\task-master\node_modules\@parcel\watcher-win32-arm64
322 silly reify mark deleted [
322 silly reify   'D:\\Atopos\\software_project\\vscode_project\\GitHub\\task-master\\node_modules\\@parcel\\watcher-win32-arm64'
322 silly reify ]
323 verbose reify failed optional dependency D:\Atopos\software_project\vscode_project\GitHub\task-master\node_modules\@parcel\watcher-linux-x64-musl
324 silly reify mark deleted [
324 silly reify   'D:\\Atopos\\software_project\\vscode_project\\GitHub\\task-master\\node_modules\\@parcel\\watcher-linux-x64-musl'
324 silly reify ]
325 verbose reify failed optional dependency D:\Atopos\software_project\vscode_project\GitHub\task-master\node_modules\@parcel\watcher-linux-x64-glibc
326 silly reify mark deleted [
326 silly reify   'D:\\Atopos\\software_project\\vscode_project\\GitHub\\task-master\\node_modules\\@parcel\\watcher-linux-x64-glibc'
326 silly reify ]
327 verbose reify failed optional dependency D:\Atopos\software_project\vscode_project\GitHub\task-master\node_modules\@parcel\watcher-linux-arm64-musl
328 silly reify mark deleted [
328 silly reify   'D:\\Atopos\\software_project\\vscode_project\\GitHub\\task-master\\node_modules\\@parcel\\watcher-linux-arm64-musl'
328 silly reify ]
329 verbose reify failed optional dependency D:\Atopos\software_project\vscode_project\GitHub\task-master\node_modules\@parcel\watcher-linux-arm64-glibc
330 silly reify mark deleted [
330 silly reify   'D:\\Atopos\\software_project\\vscode_project\\GitHub\\task-master\\node_modules\\@parcel\\watcher-linux-arm64-glibc'
330 silly reify ]
331 verbose reify failed optional dependency D:\Atopos\software_project\vscode_project\GitHub\task-master\node_modules\@parcel\watcher-linux-arm-musl
332 silly reify mark deleted [
332 silly reify   'D:\\Atopos\\software_project\\vscode_project\\GitHub\\task-master\\node_modules\\@parcel\\watcher-linux-arm-musl'
332 silly reify ]
333 verbose reify failed optional dependency D:\Atopos\software_project\vscode_project\GitHub\task-master\node_modules\@parcel\watcher-linux-arm-glibc
334 silly reify mark deleted [
334 silly reify   'D:\\Atopos\\software_project\\vscode_project\\GitHub\\task-master\\node_modules\\@parcel\\watcher-linux-arm-glibc'
334 silly reify ]
335 verbose reify failed optional dependency D:\Atopos\software_project\vscode_project\GitHub\task-master\node_modules\@parcel\watcher-freebsd-x64
336 silly reify mark deleted [
336 silly reify   'D:\\Atopos\\software_project\\vscode_project\\GitHub\\task-master\\node_modules\\@parcel\\watcher-freebsd-x64'
336 silly reify ]
337 verbose reify failed optional dependency D:\Atopos\software_project\vscode_project\GitHub\task-master\node_modules\@parcel\watcher-darwin-x64
338 silly reify mark deleted [
338 silly reify   'D:\\Atopos\\software_project\\vscode_project\\GitHub\\task-master\\node_modules\\@parcel\\watcher-darwin-x64'
338 silly reify ]
339 verbose reify failed optional dependency D:\Atopos\software_project\vscode_project\GitHub\task-master\node_modules\@parcel\watcher-darwin-arm64
340 silly reify mark deleted [
340 silly reify   'D:\\Atopos\\software_project\\vscode_project\\GitHub\\task-master\\node_modules\\@parcel\\watcher-darwin-arm64'
340 silly reify ]
341 verbose reify failed optional dependency D:\Atopos\software_project\vscode_project\GitHub\task-master\node_modules\@parcel\watcher-android-arm64
342 silly reify mark deleted [
342 silly reify   'D:\\Atopos\\software_project\\vscode_project\\GitHub\\task-master\\node_modules\\@parcel\\watcher-android-arm64'
342 silly reify ]
343 verbose reify failed optional dependency D:\Atopos\software_project\vscode_project\GitHub\task-master\node_modules\fsevents
344 silly reify mark deleted [
344 silly reify   'D:\\Atopos\\software_project\\vscode_project\\GitHub\\task-master\\node_modules\\fsevents'
344 silly reify ]
345 silly tarball no local data for node-addon-api@https://registry.npmmirror.com/node-addon-api/-/node-addon-api-7.1.1.tgz. Extracting by manifest.
346 silly tarball no local data for @jest/pattern@https://registry.npmmirror.com/@jest/pattern/-/pattern-30.0.1.tgz. Extracting by manifest.
347 silly tarball no local data for @jest/get-type@https://registry.npmmirror.com/@jest/get-type/-/get-type-30.1.0.tgz. Extracting by manifest.
348 silly tarball no local data for @jest/diff-sequences@https://registry.npmmirror.com/@jest/diff-sequences/-/diff-sequences-30.0.1.tgz. Extracting by manifest.
349 silly tarball no local data for @jest/expect-utils@https://registry.npmmirror.com/@jest/expect-utils/-/expect-utils-30.2.0.tgz. Extracting by manifest.
350 silly tarball no local data for detect-libc@https://registry.npmmirror.com/detect-libc/-/detect-libc-2.1.2.tgz. Extracting by manifest.
351 silly tarball no local data for @parcel/watcher@https://registry.npmmirror.com/@parcel/watcher/-/watcher-2.5.6.tgz. Extracting by manifest.
352 silly tarball no local data for immutable@https://registry.npmmirror.com/immutable/-/immutable-5.1.4.tgz. Extracting by manifest.
353 silly tarball no local data for use-sync-external-store@https://registry.npmmirror.com/use-sync-external-store/-/use-sync-external-store-1.6.0.tgz. Extracting by manifest.
354 silly tarball no local data for @types/use-sync-external-store@https://registry.npmmirror.com/@types/use-sync-external-store/-/use-sync-external-store-0.0.6.tgz. Extracting by manifest.
355 silly tarball no local data for redux-thunk@https://registry.npmmirror.com/redux-thunk/-/redux-thunk-3.1.0.tgz. Extracting by manifest.
356 silly tarball no local data for reselect@https://registry.npmmirror.com/reselect/-/reselect-5.1.1.tgz. Extracting by manifest.
357 silly tarball no local data for @standard-schema/utils@https://registry.npmmirror.com/@standard-schema/utils/-/utils-0.3.0.tgz. Extracting by manifest.
358 silly tarball no local data for redux@https://registry.npmmirror.com/redux/-/redux-5.0.1.tgz. Extracting by manifest.
359 silly tarball no local data for @standard-schema/spec@https://registry.npmmirror.com/@standard-schema/spec/-/spec-1.1.0.tgz. Extracting by manifest.
360 silly tarball no local data for @types/react-dom@https://registry.npmmirror.com/@types/react-dom/-/react-dom-19.2.3.tgz. Extracting by manifest.
361 silly tarball no local data for react-redux@https://registry.npmmirror.com/react-redux/-/react-redux-9.2.0.tgz. Extracting by manifest.
362 silly tarball no local data for sass@https://registry.npmmirror.com/sass/-/sass-1.97.3.tgz. Extracting by manifest.
363 silly tarball no local data for @types/jest@https://registry.npmmirror.com/@types/jest/-/jest-30.0.0.tgz. Extracting by manifest.
364 silly tarball no local data for @reduxjs/toolkit@https://registry.npmmirror.com/@reduxjs/toolkit/-/toolkit-2.11.2.tgz. Extracting by manifest.
365 silly tarball no local data for @types/react@https://registry.npmmirror.com/@types/react/-/react-19.2.14.tgz. Extracting by manifest.
366 silly tarball no local data for typescript@https://registry.npmmirror.com/typescript/-/typescript-5.9.3.tgz. Extracting by manifest.
367 silly tarball no local data for @types/node@https://registry.npmmirror.com/@types/node/-/node-25.3.2.tgz. Extracting by manifest.
368 silly tarball no local data for jest-regex-util@https://registry.npmmirror.com/jest-regex-util/-/jest-regex-util-30.0.1.tgz. Extracting by manifest.
369 silly tarball no local data for readdirp@https://registry.npmmirror.com/readdirp/-/readdirp-4.1.2.tgz. Extracting by manifest.
370 silly tarball no local data for picomatch@https://registry.npmmirror.com/picomatch/-/picomatch-4.0.3.tgz. Extracting by manifest.
371 silly tarball no local data for react-is@https://registry.npmmirror.com/react-is/-/react-is-18.3.1.tgz. Extracting by manifest.
372 silly tarball no local data for @parcel/watcher-win32-x64@https://registry.npmmirror.com/@parcel/watcher-win32-x64/-/watcher-win32-x64-2.5.6.tgz. Extracting by manifest.
373 silly tarball no local data for chokidar@https://registry.npmmirror.com/chokidar/-/chokidar-4.0.3.tgz. Extracting by manifest.
374 silly tarball no local data for ansi-styles@https://registry.npmmirror.com/ansi-styles/-/ansi-styles-5.2.0.tgz. Extracting by manifest.
375 silly tarball no local data for @sinclair/typebox@https://registry.npmmirror.com/@sinclair/typebox/-/typebox-0.34.48.tgz. Extracting by manifest.
376 silly tarball no local data for @types/yargs@https://registry.npmmirror.com/@types/yargs/-/yargs-17.0.35.tgz. Extracting by manifest.
377 silly tarball no local data for ci-info@https://registry.npmmirror.com/ci-info/-/ci-info-4.4.0.tgz. Extracting by manifest.
378 silly tarball no local data for @jest/types@https://registry.npmmirror.com/@jest/types/-/types-30.2.0.tgz. Extracting by manifest.
379 silly tarball no local data for @jest/schemas@https://registry.npmmirror.com/@jest/schemas/-/schemas-30.0.5.tgz. Extracting by manifest.
380 silly tarball no local data for picomatch@https://registry.npmmirror.com/picomatch/-/picomatch-4.0.3.tgz. Extracting by manifest.
381 silly tarball no local data for jest-diff@https://registry.npmmirror.com/jest-diff/-/jest-diff-30.2.0.tgz. Extracting by manifest.
382 silly tarball no local data for immer@https://registry.npmmirror.com/immer/-/immer-11.1.4.tgz. Extracting by manifest.
383 silly tarball no local data for jest-util@https://registry.npmmirror.com/jest-util/-/jest-util-30.2.0.tgz. Extracting by manifest.
384 silly tarball no local data for jest-mock@https://registry.npmmirror.com/jest-mock/-/jest-mock-30.2.0.tgz. Extracting by manifest.
385 silly tarball no local data for jest-matcher-utils@https://registry.npmmirror.com/jest-matcher-utils/-/jest-matcher-utils-30.2.0.tgz. Extracting by manifest.
386 silly tarball no local data for jest-message-util@https://registry.npmmirror.com/jest-message-util/-/jest-message-util-30.2.0.tgz. Extracting by manifest.
387 silly tarball no local data for pretty-format@https://registry.npmmirror.com/pretty-format/-/pretty-format-30.2.0.tgz. Extracting by manifest.
388 silly tarball no local data for expect@https://registry.npmmirror.com/expect/-/expect-30.2.0.tgz. Extracting by manifest.
389 http fetch POST 404 https://registry.npmmirror.com/-/npm/v1/security/advisories/bulk 59ms
390 silly audit bulk request failed [object Object]
391 http fetch POST 404 https://registry.npmmirror.com/-/npm/v1/security/audits/quick 69ms
392 verbose audit error HttpErrorGeneral: 404 Not Found - POST https://registry.npmmirror.com/-/npm/v1/security/audits/quick - [NOT_IMPLEMENTED] /-/npm/v1/security/* not implemented yet
392 verbose audit error     at D:\nvm\v20.19.0\node_modules\npm\node_modules\npm-registry-fetch\lib\check-response.js:95:15
392 verbose audit error     at process.processTicksAndRejections (node:internal/process/task_queues:95:5)
392 verbose audit error     at async [getReport] (D:\nvm\v20.19.0\node_modules\npm\node_modules\@npmcli\arborist\lib\audit-report.js:336:21)
392 verbose audit error     at async AuditReport.run (D:\nvm\v20.19.0\node_modules\npm\node_modules\@npmcli\arborist\lib\audit-report.js:106:19) {
392 verbose audit error   headers: [Object: null prototype] {
392 verbose audit error     server: [ 'Tengine' ],
392 verbose audit error     date: [ 'Fri, 27 Feb 2026 12:36:48 GMT' ],
392 verbose audit error     'content-type': [ 'application/json' ],
392 verbose audit error     'transfer-encoding': [ 'chunked' ],
392 verbose audit error     connection: [ 'keep-alive' ],
392 verbose audit error     'strict-transport-security': [ 'max-age=5184000' ],
392 verbose audit error     via: [ 'kunlun10.cn635[,404666]' ],
392 verbose audit error     'timing-allow-origin': [ '*' ],
392 verbose audit error     eagleid: [ '7b06089e17721958085734784e' ],
392 verbose audit error     'x-fetch-attempts': [ '1' ]
392 verbose audit error   },
392 verbose audit error   statusCode: 404,
392 verbose audit error   code: 'E404',
392 verbose audit error   method: 'POST',
392 verbose audit error   uri: 'https://registry.npmmirror.com/-/npm/v1/security/audits/quick',
392 verbose audit error   body: {
392 verbose audit error     error: '[NOT_IMPLEMENTED] /-/npm/v1/security/* not implemented yet'
392 verbose audit error   },
392 verbose audit error   pkgid: undefined
392 verbose audit error }
393 silly audit error [object Object]
394 silly audit report null
395 http fetch GET 200 https://cdn.npmmirror.com/packages/detect-libc/2.1.2/detect-libc-2.1.2.tgz 718ms (cache miss)
396 http fetch GET 200 https://cdn.npmmirror.com/packages/%40jest/pattern/30.0.1/pattern-30.0.1.tgz 731ms (cache miss)
397 http fetch GET 200 https://cdn.npmmirror.com/packages/%40types/use-sync-external-store/0.0.6/use-sync-external-store-0.0.6.tgz 764ms (cache miss)
398 http fetch GET 200 https://cdn.npmmirror.com/packages/%40standard-schema/spec/1.1.0/spec-1.1.0.tgz 806ms (cache miss)
399 http fetch GET 200 https://cdn.npmmirror.com/packages/use-sync-external-store/1.6.0/use-sync-external-store-1.6.0.tgz 829ms (cache miss)
400 http fetch GET 200 https://cdn.npmmirror.com/packages/%40jest/expect-utils/30.2.0/expect-utils-30.2.0.tgz 833ms (cache miss)
401 http fetch GET 200 https://cdn.npmmirror.com/packages/redux-thunk/3.1.0/redux-thunk-3.1.0.tgz 835ms (cache miss)
402 http fetch GET 200 https://cdn.npmmirror.com/packages/%40jest/get-type/30.1.0/get-type-30.1.0.tgz 840ms (cache miss)
403 http fetch GET 200 https://cdn.npmmirror.com/packages/%40standard-schema/utils/0.3.0/utils-0.3.0.tgz 837ms (cache miss)
404 http fetch GET 200 https://cdn.npmmirror.com/packages/%40types/react-dom/19.2.3/react-dom-19.2.3.tgz 913ms (cache miss)
405 http fetch GET 200 https://cdn.npmmirror.com/packages/%40jest/diff-sequences/30.0.1/diff-sequences-30.0.1.tgz 976ms (cache miss)
406 http fetch GET 200 https://cdn.npmmirror.com/packages/react-is/18.3.1/react-is-18.3.1.tgz 1102ms (cache miss)
407 http fetch GET 200 https://cdn.npmmirror.com/packages/jest-regex-util/30.0.1/jest-regex-util-30.0.1.tgz 1128ms (cache miss)
408 http fetch GET 200 https://cdn.npmmirror.com/packages/%40parcel/watcher/2.5.6/watcher-2.5.6.tgz 1251ms (cache miss)
409 http fetch GET 200 https://cdn.npmmirror.com/packages/redux/5.0.1/redux-5.0.1.tgz 1342ms (cache miss)
410 http fetch GET 200 https://cdn.npmmirror.com/packages/node-addon-api/7.1.1/node-addon-api-7.1.1.tgz 1493ms (cache miss)
411 http fetch GET 200 https://cdn.npmmirror.com/packages/%40types/jest/30.0.0/jest-30.0.0.tgz 1559ms (cache miss)
412 http fetch GET 200 https://cdn.npmmirror.com/packages/immutable/5.1.4/immutable-5.1.4.tgz 1658ms (cache miss)
413 http fetch GET 200 https://cdn.npmmirror.com/packages/picomatch/4.0.3/picomatch-4.0.3.tgz 1654ms (cache miss)
414 http fetch GET 200 https://cdn.npmmirror.com/packages/chokidar/4.0.3/chokidar-4.0.3.tgz 1655ms (cache miss)
415 http fetch GET 200 https://cdn.npmmirror.com/packages/readdirp/4.1.2/readdirp-4.1.2.tgz 1723ms (cache miss)
416 http fetch GET 200 https://cdn.npmmirror.com/packages/reselect/5.1.1/reselect-5.1.1.tgz 1877ms (cache miss)
417 http fetch GET 200 https://cdn.npmmirror.com/packages/%40jest/schemas/30.0.5/schemas-30.0.5.tgz 1915ms (cache miss)
418 http fetch GET 200 https://cdn.npmmirror.com/packages/picomatch/4.0.3/picomatch-4.0.3.tgz 2270ms (cache miss)
419 http fetch GET 200 https://cdn.npmmirror.com/packages/%40jest/types/30.2.0/types-30.2.0.tgz 2332ms (cache miss)
420 http fetch GET 200 https://cdn.npmmirror.com/packages/%40types/react/19.2.14/react-19.2.14.tgz 2360ms (cache miss)
421 http fetch GET 200 https://cdn.npmmirror.com/packages/ci-info/4.4.0/ci-info-4.4.0.tgz 2533ms (cache miss)
422 http fetch GET 200 https://cdn.npmmirror.com/packages/jest-diff/30.2.0/jest-diff-30.2.0.tgz 2598ms (cache miss)
423 http fetch GET 200 https://cdn.npmmirror.com/packages/%40types/yargs/17.0.35/yargs-17.0.35.tgz 2604ms (cache miss)
424 http fetch GET 200 https://cdn.npmmirror.com/packages/jest-message-util/30.2.0/jest-message-util-30.2.0.tgz 2794ms (cache miss)
425 http fetch GET 200 https://cdn.npmmirror.com/packages/jest-util/30.2.0/jest-util-30.2.0.tgz 2800ms (cache miss)
426 http fetch GET 200 https://cdn.npmmirror.com/packages/pretty-format/30.2.0/pretty-format-30.2.0.tgz 3041ms (cache miss)
427 http fetch GET 200 https://cdn.npmmirror.com/packages/jest-matcher-utils/30.2.0/jest-matcher-utils-30.2.0.tgz 3087ms (cache miss)
428 http fetch GET 200 https://cdn.npmmirror.com/packages/jest-mock/30.2.0/jest-mock-30.2.0.tgz 3133ms (cache miss)
429 http fetch GET 200 https://cdn.npmmirror.com/packages/ansi-styles/5.2.0/ansi-styles-5.2.0.tgz 3184ms (cache miss)
430 http fetch GET 200 https://cdn.npmmirror.com/packages/expect/30.2.0/expect-30.2.0.tgz 3436ms (cache miss)
431 http fetch GET 200 https://cdn.npmmirror.com/packages/react-redux/9.2.0/react-redux-9.2.0.tgz 3619ms (cache miss)
432 http fetch GET 200 https://cdn.npmmirror.com/packages/%40sinclair/typebox/0.34.48/typebox-0.34.48.tgz 4847ms (cache miss)
433 http fetch GET 200 https://cdn.npmmirror.com/packages/%40parcel/watcher-win32-x64/2.5.6/watcher-win32-x64-2.5.6.tgz 4902ms (cache miss)
434 http fetch GET 200 https://cdn.npmmirror.com/packages/immer/11.1.4/immer-11.1.4.tgz 5155ms (cache miss)
435 http fetch GET 200 https://cdn.npmmirror.com/packages/%40types/node/25.3.2/node-25.3.2.tgz 5466ms (cache miss)
436 http fetch GET 200 https://cdn.npmmirror.com/packages/sass/1.97.3/sass-1.97.3.tgz 6275ms (cache miss)
437 http fetch GET 200 https://cdn.npmmirror.com/packages/%40reduxjs/toolkit/2.11.2/toolkit-2.11.2.tgz 7968ms (cache miss)
438 http fetch GET 200 https://cdn.npmmirror.com/packages/typescript/5.9.3/typescript-5.9.3.tgz 11623ms (cache miss)
439 info run @parcel/watcher@2.5.6 install node_modules/@parcel/watcher node scripts/build-from-source.js
440 info run @parcel/watcher@2.5.6 install { code: 0, signal: null }
441 silly ADD node_modules/@jest/pattern
442 silly ADD node_modules/@jest/pattern/node_modules/jest-regex-util
443 silly ADD node_modules/@jest/diff-sequences
444 silly ADD node_modules/@jest/get-type
445 silly ADD node_modules/@jest/expect-utils
446 silly ADD node_modules/node-addon-api
447 silly ADD node_modules/detect-libc
448 silly ADD node_modules/@parcel/watcher-win32-x64
449 silly ADD
450 silly ADD
451 silly ADD
452 silly ADD
453 silly ADD
454 silly ADD
455 silly ADD
456 silly ADD
457 silly ADD
458 silly ADD
459 silly ADD
460 silly ADD
461 silly ADD node_modules/immutable
462 silly ADD node_modules/@parcel/watcher
463 silly ADD node_modules/@parcel/watcher/node_modules/picomatch
464 silly ADD node_modules/use-sync-external-store
465 silly ADD node_modules/@types/use-sync-external-store
466 silly ADD node_modules/reselect
467 silly ADD node_modules/redux-thunk
468 silly ADD node_modules/redux
469 silly ADD node_modules/@standard-schema/utils
470 silly ADD node_modules/@standard-schema/spec
471 silly ADD node_modules/sass
472 silly ADD node_modules/sass/node_modules/readdirp
473 silly ADD node_modules/sass/node_modules/chokidar
474 silly ADD node_modules/react-redux
475 silly ADD node_modules/@types/react-dom
476 silly ADD node_modules/@types/react
477 silly ADD node_modules/@types/jest
478 silly ADD node_modules/@types/jest/node_modules/react-is
479 silly ADD node_modules/@types/jest/node_modules/ansi-styles
480 silly ADD node_modules/@types/jest/node_modules/picomatch
481 silly ADD node_modules/@types/jest/node_modules/ci-info
482 silly ADD node_modules/@types/jest/node_modules/@sinclair/typebox
483 silly ADD node_modules/@types/jest/node_modules/@types/yargs
484 silly ADD node_modules/@types/jest/node_modules/@jest/schemas
485 silly ADD node_modules/@types/jest/node_modules/@jest/types
486 silly ADD node_modules/@types/jest/node_modules/jest-diff
487 silly ADD node_modules/@types/jest/node_modules/jest-util
488 silly ADD node_modules/@types/jest/node_modules/jest-mock
489 silly ADD node_modules/@types/jest/node_modules/jest-message-util
490 silly ADD node_modules/@types/jest/node_modules/jest-matcher-utils
491 silly ADD node_modules/@types/jest/node_modules/pretty-format
492 silly ADD node_modules/@types/jest/node_modules/expect
493 silly ADD node_modules/@reduxjs/toolkit
494 silly ADD node_modules/@reduxjs/toolkit/node_modules/immer
495 silly ADD
496 silly CHANGE node_modules/typescript
497 silly CHANGE node_modules/@types/node
498 verbose cwd D:\Atopos\software_project\vscode_project\GitHub\task-master
499 verbose os Windows_NT 10.0.22631
500 verbose node v20.19.0
501 verbose npm  v10.8.2
502 notice
502 notice New [31mmajor[39m version of npm available! [31m10.8.2[39m -> [34m11.11.0[39m
502 notice Changelog: [34mhttps://github.com/npm/cli/releases/tag/v11.11.0[39m
502 notice To update run: [4mnpm install -g npm@11.11.0[24m
502 notice  { force: true, [Symbol(proc-log.meta)]: true }
503 verbose exit 0
504 info ok
